{
  "B0F3GYMWG5": 1784281470.9992054,
  "B0D9WV1TPJ": 1784281470.999207,
  "B0CQ4TSFPS": 1784281470.999208,
  "B09RB6LKTN": 1784281470.9992094,
  "B078K2YPRW": 1784281470.9992104,
  "B0DVM1T4NP": 1784281470.999211,
  "B0F8Q5GVPK": 1784281470.999212,
  "B0GRVK2K1J": 1784281470.9992127,
  "B0DW8DX2M9": 1784281470.9992135,
  "B0GSFHJTKS": 1784281470.9992142,
  "B0DQ4X4L4D": 1784281470.999215,
  "B0CCV73GJG": 1784281470.9992158,
  "B08CJJ3Y3Y": 1784281470.9992166,
  "B083TJBKCQ": 1784281470.999217,
  "B0C281C231": 1784281470.999218,
  "B09VC2D2WG": 1784281470.9992185,
  "B0GWFDFKTQ": 1784281470.9992192,
  "B0CVL9BGNG": 1784281470.9992197,
  "B0FL9LPCZZ": 1784281470.9992204,
  "B0CXPYYQS3": 1784281470.9992213,
  "B0FQJ1RFDN": 1784281470.999222,
  "B0BWS3PSR2": 1784281470.9992232,
  "B0GSFLK985": 1784281470.9992247,
  "B0GFCVGS1Z": 1784281470.9992251,
  "B0FNVSG8HR": 1784281470.9992256,
  "B0G1Y9Z96G": 1784281470.9992263,
  "B0D8WC6C2L": 1784281470.9992268,
  "B0CKK57LBY": 1784281470.9992273,
  "B0F43CHDSN": 1784281470.999228,
  "B0CS3KQWMM": 1784281470.9992287,
  "B0H4RSDBG2": 1784281470.9992292,
  "B0CFYQKHJN": 1784281470.9992297,
  "B0G2B39Q4H": 1784281470.9992301,
  "B00YPBQMGG": 1784281470.9992313,
  "B0DHPGT29X": 1784281470.999232,
  "B0BRQGL35H": 1784281470.9992328,
  "B0DP7H7H8V": 1784281470.9992335,
  "B079P73971": 1784281470.9992342,
  "B0DHS3FM9F": 1784281470.999235,
  "B0CZ9L43RM": 1784281470.9992356,
  "B0CV7J49TQ": 1784281470.9992366,
  "B0CX4SSG9Z": 1784281470.999237,
  "B0H44RVFFK": 1784281470.9992378,
  "B0GS1F1548": 1784281470.9992392,
  "B0BYT4H317": 1784281470.99924,
  "B0D8QJ7VQ4": 1784281470.999241,
  "B0GPCX82G8": 1784281470.999242,
  "B0C6TPPNS5": 1784281470.999243,
  "B0FM38MRWL": 1784281470.9992437,
  "B0CZDW5JYY": 1784281470.9992442,
  "B0FDQKGB28": 1784281470.9992452,
  "B0DVRTGK96": 1784281470.9992464,
  "B0B8SHRZ4C": 1784281470.999247,
  "B0CVX8CM7V": 1784281470.9992478,
  "B0DQPWX5NQ": 1784281470.9992487,
  "B0CDV3788M": 1784281470.9992492,
  "SHOHHHJUFTV9NNVH": 1784281470.99925,
  "myntra_39768147": 1784281470.9992507,
  "myntra_8667337": 1784281470.9992514,
  "myntra_29553912": 1784281470.999252,
  "myntra_21779088": 1784281470.9992528,
  "myntra_26664070": 1784281470.9992533,
  "myntra_13036796": 1784281470.9992542,
  "myntra_36665107": 1784281470.9992547,
  "myntra_13105578": 1784281470.999256,
  "myntra_18161910": 1784281470.9992568,
  "myntra_42246405": 1784281470.9992573,
  "myntra_36089025": 1784281470.999258,
  "myntra_43603819": 1784281470.9992585,
  "myntra_32635910": 1784281470.9992595,
  "myntra_1884773": 1784281470.9992602,
  "myntra_32093862": 1784281470.999261,
  "myntra_42274248": 1784281470.9992616,
  "myntra_31896924": 1784281470.9992626,
  "myntra_36089027": 1784281470.9992633,
  "myntra_43042540": 1784281470.999264,
  "myntra_36653402": 1784281470.9992647,
  "myntra_35988600": 1784281470.9992652,
  "myntra_36089023": 1784281470.9992661,
  "myntra_42929429": 1784281470.9992666,
  "myntra_32668695": 1784281470.9992673,
  "myntra_30834832": 1784281470.999268,
  "myntra_11607574": 1784281470.9992685,
  "myntra_7197229": 1784281470.9992695,
  "myntra_43802787": 1784281470.9992702,
  "myntra_39938632": 1784281470.9992712,
  "myntra_42067457": 1784281470.9992726,
  "myntra_41400721": 1784281470.9992735,
  "myntra_30302086": 1784281470.9992743,
  "myntra_43866624": 1784281470.999275,
  "myntra_43718038": 1784281470.9992757,
  "myntra_38899965": 1784281470.9992764,
  "myntra_28549244": 1784281470.999277,
  "myntra_42476032": 1784281470.999278,
  "myntra_36753096": 1784281470.999279,
  "myntra_40943741": 1784281470.99928,
  "ajio_464815792001": 1784281470.9992807,
  "ajio_700128535001": 1784281470.999282,
  "ajio_702254928001": 1784281470.9992826,
  "ajio_700256550002": 1784281470.9992838,
  "ajio_442404144008": 1784281470.9992845,
  "ajio_467188929001": 1784281470.9992852,
  "ajio_467267277001": 1784281470.999286,
  "ajio_700143958006": 1784281470.9992871,
  "ajio_467262692001": 1784281470.9992878,
  "ajio_466907858001": 1784281470.9992886,
  "ajio_492663474": 1784281470.9992895,
  "ajio_410371523001": 1784281470.9992907,
  "ajio_469610797003": 1784281470.9992914,
  "ajio_467281977001": 1784281470.999292,
  "ajio_467174022003": 1784281470.9992929,
  "ajio_600645984": 1784281470.9992938,
  "ajio_600645997": 1784281470.9992945,
  "ajio_467227483001": 1784281470.9992952,
  "ajio_469625182003": 1784281470.9992957,
  "ajio_410522796002": 1784281470.9992964,
  "ajio_467308740002": 1784281470.9992974,
  "ajio_467011005001": 1784281470.999298,
  "ajio_467062883002": 1784281470.9992986,
  "ajio_410455706001": 1784281470.9992995,
  "ajio_465182161005": 1784281470.9993002,
  "ajio_410475337003": 1784281470.999301,
  "ajio_442031726002": 1784281470.9993017,
  "WSLHHEKTSWSGEJYX": 1784281470.9993021,
  "TMRHGXCWZTV43GZJ": 1784281470.9993026,
  "AFRHDYGBPHNK3GZB": 1784281470.999303,
  "WSLGBSHUJ34NZEXV": 1784281470.9993038,
  "AFRHDYGBWHJXAKFX": 1784281470.9993045,
  "TMRHHJ3CJGZCFGBZ": 1784281470.999305,
  "IMMGG4DYT28KAXVH": 1784281470.9993055,
  "SOIG8ZK9VC7PWRNK": 1784281470.999306,
  "AFRHKJK2T7NMNMWA": 1784281470.9993064,
  "EDFGFMSJVHHHVHWQ": 1784281470.999307,
  "AFRHY56JU42EH3ZT": 1784281470.9993076,
  "AFRHYFRBRRQCM6QG": 1784281470.999308,
  "AFRGSVTBEYVMUPN6": 1784281470.9993086,
  "jiomart_groceries": 1784281470.999309
}