{
  "B07J4WNTKC": 1784214858.6664128,
  "B0GZGPZHL1": 1784214858.6664138,
  "B0FDQKGB28": 1784214858.6664143,
  "B0G2MT8YVV": 1784214858.6664147,
  "B0D8QCJP5J": 1784214858.6664152,
  "B0DQD8HWWG": 1784214858.6664155,
  "B08R9YKP76": 1784214858.666416,
  "B0FMRH6X8Y": 1784214858.6664164,
  "B0CCV73GJG": 1784214858.6664166,
  "B0D66ZBQ36": 1784214858.6664171,
  "B0CVF9YPPD": 1784214858.6664176,
  "B0H2DD8Z5T": 1784214858.666418,
  "B0DHS3FM9F": 1784214858.6664183,
  "B0FHW238R2": 1784214858.666419,
  "B0F2MHKCG1": 1784214858.6664193,
  "B0DYF4626Q": 1784214858.6664195,
  "B0G2B39Q4H": 1784214858.66642,
  "B0CSW9C5HG": 1784214858.6664205,
  "B0DN162F92": 1784214858.6664207,
  "B0GXQ48ZDT": 1784214858.666421,
  "B0CKBND48X": 1784214858.6664214,
  "B09CKS74XB": 1784214858.6664217,
  "B0H5R6C68N": 1784214858.6664228,
  "B0CQ4TSFPS": 1784214858.666423,
  "B0DHPGT29X": 1784214858.6664236,
  "B0DX77JBB9": 1784214858.6664238,
  "B0CVH3VY2Z": 1784214858.666424,
  "B0DW8DX2M9": 1784214858.6664245
}