{
  "B0H4R9GJPZ": 1784474660.8102813,
  "B0FHW238R2": 1784474660.810282,
  "B0DQD8HWWG": 1784474660.8102825,
  "B0DP7H7H8V": 1784474660.810283,
  "B0B6BLTGTT": 1784474660.8102834,
  "B0D66ZBQ36": 1784474660.8102841,
  "B0FTGFFH63": 1784474660.8102849,
  "B0H4RS5XL3": 1784474660.8102853,
  "B0F4Y17ZVD": 1784474660.8102858,
  "B0D5BK6Y38": 1784474660.8102863,
  "B0D9WT1S2T": 1784474660.810287,
  "B0H2DD8Z5T": 1784474660.810288,
  "B0H44SBX2T": 1784474660.8102884,
  "B0B11LJ69K": 1784474660.810289,
  "B0FPD14Z3G": 1784474660.8102894,
  "B09RB6LKTN": 1784474660.8102899,
  "B083TJBKCQ": 1784474660.8102903,
  "B0F8Q5GVPK": 1784474660.810291,
  "B0GWFDFKTQ": 1784474660.8102915,
  "B0CXPYYQS3": 1784474660.810292,
  "B0GVSRDZH7": 1784474660.8102927,
  "B0BWS3PSR2": 1784474660.8102932,
  "B0CS3KQWMM": 1784474660.810294,
  "B00YPBQMGG": 1784474660.8102949,
  "B0CFYQKHJN": 1784474660.8102953,
  "B0CZ9JT9J3": 1784474660.8102958,
  "B083DLBXFR": 1784474660.8102963,
  "B0BRQGL35H": 1784474660.8102968,
  "B0BQW2WSVK": 1784474660.8102975,
  "B0CZ9L43RM": 1784474660.8102982,
  "B079P73971": 1784474660.8102987,
  "B0GS1F1548": 1784474660.8102992,
  "B0CX4SSG9Z": 1784474660.8102996,
  "B0C6TPPNS5": 1784474660.8103,
  "B0D8QJ7VQ4": 1784474660.8103006,
  "B0CZDW5JYY": 1784474660.810301,
  "B07BGXXHPZ": 1784474660.8103018,
  "B07Y2Z7DLW": 1784474660.8103023,
  "B0DVRTGK96": 1784474660.8103027,
  "PWBHHF3VXAMHBY7G": 1784474660.8103032,
  "ACCHJVFYMZVWFHGM": 1784474660.8103034,
  "WSLHHEKTSWSGEJYX": 1784474660.810304,
  "WSLGBSHUJ34NZEXV": 1784474660.8103044,
  "TMRHHJ3CJGZCFGBZ": 1784474660.8103058,
  "SOIG8ZK9VC7PWRNK": 1784474660.8103063,
  "AFRHDYGBPHNK3GZB": 1784474660.8103068,
  "AFRHDYGBWHJXAKFX": 1784474660.8103073,
  "IMMGG4DYT28KAXVH": 1784474660.810308,
  "WMNH2E8JYQCQTHRK": 1784474660.8103087,
  "AFRHF6RSP5SRBRXT": 1784474660.8103092,
  "EDFGFMSJVHHHVHWQ": 1784474660.8103101,
  "AFRHY56JU42EH3ZT": 1784474660.8103106,
  "AFRHYFRBRRQCM6QG": 1784474660.810311,
  "myntra_8667337": 1784474660.8103113,
  "myntra_16109468": 1784474660.810312,
  "myntra_32635910": 1784474660.8103125,
  "myntra_31896924": 1784474660.810313,
  "myntra_42274248": 1784474660.8103135,
  "myntra_36089024": 1784474660.810314,
  "myntra_17290916": 1784474660.8103144,
  "myntra_42778946": 1784474660.8103154,
  "myntra_36089027": 1784474660.8103158,
  "myntra_43421989": 1784474660.8103163,
  "myntra_36089025": 1784474660.8103168,
  "myntra_27248666": 1784474660.8103173,
  "myntra_32669942": 1784474660.8103178,
  "myntra_13105578": 1784474660.8103182,
  "myntra_39714866": 1784474660.810319,
  "myntra_33632916": 1784474660.8103194,
  "myntra_34152484": 1784474660.81032,
  "myntra_44192186": 1784474660.8103204,
  "myntra_537675": 1784474660.8103209,
  "myntra_42987455": 1784474660.8103213,
  "myntra_32093861": 1784474660.8103218,
  "myntra_30402310": 1784474660.8103228,
  "myntra_39839268": 1784474660.8103232,
  "myntra_42789688": 1784474660.8103237,
  "myntra_26664070": 1784474660.8103242,
  "myntra_41692095": 1784474660.8103247,
  "myntra_11783634": 1784474660.810325,
  "myntra_44071981": 1784474660.8103256,
  "myntra_34934584": 1784474660.810326,
  "myntra_8667339": 1784474660.8103266,
  "myntra_39175756": 1784474660.810327,
  "myntra_43592986": 1784474660.8103275,
  "myntra_41596569": 1784474660.810328,
  "myntra_36089261": 1784474660.8103297,
  "myntra_43434420": 1784474660.8103302,
  "myntra_43531961": 1784474660.8103304,
  "myntra_34464258": 1784474660.8103309,
  "myntra_43006109": 1784474660.8103313,
  "myntra_36653402": 1784474660.8103318,
  "myntra_36064825": 1784474660.8103323,
  "myntra_36531044": 1784474660.810333,
  "myntra_43720720": 1784474660.8103335,
  "myntra_39058743": 1784474660.810334,
  "myntra_38312138": 1784474660.8103344,
  "ajio_702254928001": 1784474660.810335,
  "ajio_467188929001": 1784474660.8103354,
  "ajio_467267277001": 1784474660.8103364,
  "ajio_467262692001": 1784474660.8103368,
  "ajio_442404145002": 1784474660.8103373,
  "ajio_701592202004": 1784474660.8103378,
  "ajio_469610797003": 1784474660.8103383,
  "ajio_467281977001": 1784474660.8103387,
  "ajio_467174022003": 1784474660.8103392,
  "ajio_600645984": 1784474660.8103397,
  "ajio_467154229004": 1784474660.8103404,
  "ajio_600645997": 1784474660.810341,
  "ajio_467227483001": 1784474660.8103414,
  "ajio_410522796002": 1784474660.8103418,
  "jiomart_groceries": 1784474660.8103423
}