{
  "B0DBGP48NW": 1784559978.280825,
  "B08GJ57MKL": 1784559978.2808263,
  "B0H2DD8Z5T": 1784559978.2808273,
  "B08H1QWYXP": 1784559978.2808282,
  "B08W8QQLWD": 1784559978.280829,
  "B0GX5BF141": 1784559978.2808297,
  "B0D9WW49PJ": 1784559978.2808309,
  "B0DTHYWTF3": 1784559978.2808318,
  "B0GJDVGS6P": 1784559978.2808325,
  "B077X72BKJ": 1784559978.2808332,
  "B0G35NPLZY": 1784559978.2808342,
  "B0DQD8HWWG": 1784559978.2808354,
  "B0G2B12DSQ": 1784559978.2808363,
  "B0H5R6C68N": 1784559978.280837,
  "B0F2MHKCG1": 1784559978.2808375,
  "B0FTY1835B": 1784559978.2808385,
  "B0F4Y17ZVD": 1784559978.2808392,
  "B0FJ7QX6NQ": 1784559978.28084,
  "B0H4RJGL99": 1784559978.2808409,
  "B0GXBQ54BP": 1784559978.2808416,
  "B0CQ4TSFPS": 1784559978.2808425,
  "B0FQJ1RFDN": 1784559978.2808433,
  "B0CSW9C5HG": 1784559978.2808442,
  "B0CVL9BGNG": 1784559978.2808454,
  "B0FDH7397M": 1784559978.280846,
  "B0D9WV1TPJ": 1784559978.2808468,
  "B09VC2D2WG": 1784559978.2808475,
  "B0CX5FQPH2": 1784559978.280848,
  "B0GSFHJTKS": 1784559978.280849,
  "B0GRVK2K1J": 1784559978.2808495,
  "B08CJJ3Y3Y": 1784559978.2808504,
  "B0CK6G39HN": 1784559978.2808511,
  "B0FL9LPCZZ": 1784559978.2808516,
  "WSLHHEKTSWSGEJYX": 1784559978.2808526,
  "WSLGBSHUJ34NZEXV": 1784559978.2808533,
  "TMRHHJ3CJGZCFGBZ": 1784559978.280854,
  "SOIG8ZK9VC7PWRNK": 1784559978.2808547,
  "ajio_491566719": 1784559978.280856,
  "ajio_493860013": 1784559978.2808564,
  "ajio_701392864001": 1784559978.280857,
  "ajio_467260501001": 1784559978.280858,
  "ajio_702734296001": 1784559978.280859,
  "ajio_469811202001": 1784559978.2808597,
  "ajio_702841897001": 1784559978.280861,
  "ajio_467279512001": 1784559978.2808616,
  "ajio_443035603001": 1784559978.280862,
  "ajio_442352813007": 1784559978.280863,
  "ajio_469722188001": 1784559978.2808638,
  "ajio_469798289001": 1784559978.2808645,
  "ajio_466487325013": 1784559978.280865,
  "ajio_467196301001": 1784559978.280866,
  "ajio_465116630002": 1784559978.2808664,
  "ajio_469340741001": 1784559978.280867,
  "ajio_441629712009": 1784559978.2808678,
  "ajio_443022948010": 1784559978.2808685,
  "ajio_469154463001": 1784559978.2808695,
  "ajio_469829457001": 1784559978.28087,
  "ajio_469107797017": 1784559978.2808707,
  "ajio_469816483001": 1784559978.2808716,
  "ajio_701133974003": 1784559978.2808723,
  "ajio_442709177003": 1784559978.2808733,
  "ajio_469702459005": 1784559978.280874,
  "ajio_442528445007": 1784559978.2808745,
  "ajio_442470697003": 1784559978.280875,
  "ajio_442656607001": 1784559978.2808754,
  "ajio_442939564004": 1784559978.280876,
  "ajio_466996193002": 1784559978.2808766,
  "ajio_469452020002": 1784559978.280877,
  "ajio_442109984001": 1784559978.2808776,
  "ajio_469206328002": 1784559978.280878,
  "ajio_467045148002": 1784559978.2808785,
  "jiomart_groceries": 1784559978.2808793
}