{
  "B0GX9DPCXY": 1784542338.3995943,
  "B0GJDVGS6P": 1784542338.3995957,
  "B0CQ4TSFPS": 1784542338.3995965,
  "B0FDQKGB28": 1784542338.3995976,
  "B0D9WW49PJ": 1784542338.3995986,
  "B07J4WNXRM": 1784542338.3995993,
  "B0F43CHDSN": 1784542338.3996003,
  "B08W8QQLWD": 1784542338.3996012,
  "B0H3L2RGR9": 1784542338.399602,
  "B08GJ57MKL": 1784542338.399603,
  "B0F2MHKCG1": 1784542338.3996034,
  "B0DQD8HWWG": 1784542338.3996046,
  "B0B11LJ69K": 1784542338.3996053,
  "B0FTY1835B": 1784542338.399606,
  "B0FM3R73VW": 1784542338.3996067,
  "B0DPB17NSP": 1784542338.3996072,
  "B0D66Z1W4M": 1784542338.3996086,
  "B00NXKA9BY": 1784542338.3996096,
  "B0GXBQ54BP": 1784542338.3996105,
  "B0F8NNYZPV": 1784542338.3996115,
  "B0DGGTRHJT": 1784542338.3996124,
  "B0D8WCB42J": 1784542338.399613,
  "B0FRMJN1QD": 1784542338.3996146,
  "B0BLP43Y43": 1784542338.399615,
  "B0DWJYBJGZ": 1784542338.3996158,
  "B0D9WV1TPJ": 1784542338.3996165,
  "B09VC2D2WG": 1784542338.3996172,
  "B078K2YPRW": 1784542338.3996181,
  "B0CX5FQPH2": 1784542338.3996189,
  "B0GSFHJTKS": 1784542338.3996196,
  "B0GRVK2K1J": 1784542338.3996203,
  "B08CJJ3Y3Y": 1784542338.399621,
  "B0CK6G39HN": 1784542338.399622,
  "B0FL9LPCZZ": 1784542338.399623,
  "PWBHHF3VXAMHBY7G": 1784542338.3996239,
  "ACCHJVFYMZVWFHGM": 1784542338.3996246,
  "SHOHFZFVJCFVYTDS": 1784542338.3996258,
  "WSLFNNZYQ4JYKQHH": 1784542338.3996263,
  "WSLGBSHUJ34NZEXV": 1784542338.399627,
  "SOIG8ZK9VC7PWRNK": 1784542338.3996277,
  "SOIFZ9MWYUTCZUXR": 1784542338.3996286,
  "SOIGFG5JTANH47BT": 1784542338.3996294,
  "AFRHCHFGYNJGYAPX": 1784542338.39963,
  "IMMGG4DYT28KAXVH": 1784542338.399632,
  "AFRHDYGBWHJXAKFX": 1784542338.3996327,
  "AFRHDYGBPHNK3GZB": 1784542338.3996332,
  "AFRHF6RSP5SRBRXT": 1784542338.399634,
  "EDFGHZF6YKHMBNHY": 1784542338.3996346,
  "EDFGFMSJVHHHVHWQ": 1784542338.3996358,
  "AFRHY56JU42EH3ZT": 1784542338.3996365,
  "AFRHYFRBRRQCM6QG": 1784542338.3996372,
  "ajio_701392864001": 1784542338.3996377,
  "ajio_702734296001": 1784542338.399639,
  "ajio_491939139": 1784542338.3996398,
  "ajio_702723511001": 1784542338.3996403,
  "ajio_469811202001": 1784542338.399641,
  "ajio_467279512001": 1784542338.3996418,
  "ajio_441538289007": 1784542338.3996427,
  "ajio_469722188001": 1784542338.3996434,
  "ajio_466487325013": 1784542338.3996441,
  "ajio_465116630002": 1784542338.3996449,
  "ajio_442950564001": 1784542338.399646,
  "ajio_703103234001": 1784542338.3996465,
  "ajio_464658652003": 1784542338.3996475,
  "ajio_469829457001": 1784542338.399648,
  "ajio_469702459005": 1784542338.399649,
  "ajio_442528445007": 1784542338.3996499,
  "ajio_442109984001": 1784542338.3996506,
  "ajio_442307035002": 1784542338.3996515,
  "ajio_442939502013": 1784542338.399652,
  "ajio_703093546001": 1784542338.3996532,
  "ajio_700198539001": 1784542338.3996542,
  "ajio_703707249001": 1784542338.3996549,
  "ajio_702254928001": 1784542338.3996556,
  "ajio_410457801026": 1784542338.3996565,
  "ajio_467096393002": 1784542338.3996575,
  "ajio_469257108001": 1784542338.3996582,
  "ajio_442711772001": 1784542338.399659,
  "ajio_442600178003": 1784542338.3996599,
  "ajio_410563429001": 1784542338.39966,
  "ajio_441165346001": 1784542338.3996608,
  "ajio_467188929001": 1784542338.3996613,
  "ajio_467267277001": 1784542338.399662,
  "ajio_467068153003": 1784542338.3996625,
  "ajio_469250188001": 1784542338.3996632,
  "ajio_442767727022": 1784542338.3996637,
  "ajio_701060061003": 1784542338.399665,
  "ajio_442110510005": 1784542338.3996656,
  "ajio_442404153007": 1784542338.399666,
  "jiomart_groceries": 1784542338.3996668
}