{
  "B08W8QQLWD": 1784566479.7451677,
  "B0FDQMBKVR": 1784566479.7451692,
  "B0CQ4TSFPS": 1784566479.7451699,
  "B0D9WW49PJ": 1784566479.7451708,
  "B0G35KSRD7": 1784566479.745172,
  "B0DQD8HWWG": 1784566479.745173,
  "B0DYNS66BT": 1784566479.7451742,
  "B077XDK8KR": 1784566479.745175,
  "B0F4Y17ZVD": 1784566479.7451758,
  "B0CVL9BGNG": 1784566479.7451766,
  "B00RAEYGN6": 1784566479.7451773,
  "B0F2MHKCG1": 1784566479.7451787,
  "B0FTY1835B": 1784566479.7451794,
  "B0D8WC6C2L": 1784566479.7451801,
  "B0H5R6C68N": 1784566479.7451808,
  "B0CKBND48X": 1784566479.7451818,
  "B08TV2P1N8": 1784566479.7451825,
  "B0GXBQ54BP": 1784566479.7451835,
  "B0B88HTWDP": 1784566479.7451844,
  "B0D66Z1W4M": 1784566479.7451854,
  "B0GXQ48ZDT": 1784566479.7451863,
  "B09RB6LKTN": 1784566479.745187,
  "B0F8Q5GVPK": 1784566479.7451887,
  "B083TJBKCQ": 1784566479.7451894,
  "B0GWFDFKTQ": 1784566479.7451901,
  "B07G75YX15": 1784566479.7451906,
  "B0CXPYYQS3": 1784566479.7451916,
  "B0CS3KQWMM": 1784566479.7451923,
  "B08CG67HZV": 1784566479.745193,
  "B0BWS3PSR2": 1784566479.745194,
  "B00YPBQMGG": 1784566479.745196,
  "B0CFYQKHJN": 1784566479.745197,
  "B0CZ9JT9J3": 1784566479.7451978,
  "B0BQW2WSVK": 1784566479.745199,
  "B0BRQGL35H": 1784566479.7451994,
  "B0CZ9L43RM": 1784566479.7452,
  "B079P73971": 1784566479.7452004,
  "B0GS1F1548": 1784566479.7452009,
  "B0CX4SSG9Z": 1784566479.7452016,
  "B0CZDW5JYY": 1784566479.7452025,
  "B0C6TPPNS5": 1784566479.745203,
  "B0D8QJ7VQ4": 1784566479.7452035,
  "B0CZ9L4LNX": 1784566479.7452042,
  "B07BGXXHPZ": 1784566479.7452056,
  "B08ZCFNC93": 1784566479.7452064,
  "B0F9YGHHXG": 1784566479.7452068,
  "B0G52VRVC8": 1784566479.7452073,
  "B0GQZS8DGV": 1784566479.7452078,
  "B0FP948JMW": 1784566479.7452083,
  "B0G821YMW4": 1784566479.7452087,
  "B0DKDVB22T": 1784566479.74521,
  "B0F74D93MT": 1784566479.7452106,
  "B0G33XW2RX": 1784566479.7452114,
  "B0GZK8YW47": 1784566479.7452118,
  "B0GX9Y5PWZ": 1784566479.7452123,
  "B0H6K7GXMW": 1784566479.745213,
  "B0FHK7DST7": 1784566479.7452137,
  "B0FD9R3LJY": 1784566479.7452142,
  "PWBHHF3VXAMHBY7G": 1784566479.745215,
  "ACCHJVFYMZVWFHGM": 1784566479.7452154,
  "WSLHHEKTSWSGEJYX": 1784566479.745216,
  "WSLGKX7CHXH7XQ7U": 1784566479.7452168,
  "WSLGBSHUJ34NZEXV": 1784566479.7452173,
  "TMRHHJ3CJGZCFGBZ": 1784566479.7452178,
  "SOIG8ZK9VC7PWRNK": 1784566479.7452183,
  "AFRHDYGBWHJXAKFX": 1784566479.7452188,
  "IMMGG4DYT28KAXVH": 1784566479.7452192,
  "AFRHF6RSP5SRBRXT": 1784566479.74522,
  "AFRHDYGBPHNK3GZB": 1784566479.7452204,
  "AFRHKJK2T7NMNMWA": 1784566479.7452211,
  "EDFGFMSJVHHHVHWQ": 1784566479.7452216,
  "AFRHY56JU42EH3ZT": 1784566479.745222,
  "AFRHYFRBRRQCM6QG": 1784566479.7452226,
  "AFRHCHFGYNJGYAPX": 1784566479.7452233,
  "myntra_8667337": 1784566479.745224,
  "myntra_22886266": 1784566479.7452245,
  "myntra_18161910": 1784566479.7452247,
  "myntra_13733778": 1784566479.7452254,
  "myntra_36064825": 1784566479.745226,
  "myntra_32635910": 1784566479.7452264,
  "myntra_39480367": 1784566479.745227,
  "myntra_36089024": 1784566479.7452276,
  "myntra_43401399": 1784566479.745228,
  "myntra_31896924": 1784566479.7452285,
  "myntra_13277580": 1784566479.745229,
  "myntra_42274248": 1784566479.7452295,
  "myntra_33796862": 1784566479.7452312,
  "myntra_32194873": 1784566479.7452316,
  "myntra_36171309": 1784566479.745232,
  "myntra_22900670": 1784566479.7452326,
  "myntra_34779834": 1784566479.7452333,
  "myntra_30834832": 1784566479.7452338,
  "myntra_43570064": 1784566479.7452343,
  "myntra_36089025": 1784566479.7452347,
  "myntra_42067457": 1784566479.7452352,
  "myntra_39938632": 1784566479.7452357,
  "myntra_42247759": 1784566479.7452362,
  "myntra_28549244": 1784566479.7452366,
  "myntra_39839267": 1784566479.7452376,
  "myntra_42723109": 1784566479.745238,
  "myntra_13105578": 1784566479.7452388,
  "myntra_42797873": 1784566479.7452393,
  "myntra_42987455": 1784566479.7452397,
  "myntra_36089027": 1784566479.7452402,
  "myntra_31856580": 1784566479.745241,
  "myntra_32093863": 1784566479.7452414,
  "myntra_11852424": 1784566479.7452419,
  "myntra_29553912": 1784566479.7452426,
  "myntra_21779088": 1784566479.7452428,
  "myntra_537675": 1784566479.7452435,
  "myntra_43908922": 1784566479.7452443,
  "myntra_15538750": 1784566479.7452447,
  "myntra_13036774": 1784566479.7452452,
  "myntra_33487472": 1784566479.7452457,
  "myntra_41666539": 1784566479.7452464,
  "myntra_17147264": 1784566479.745247,
  "myntra_624897": 1784566479.7452476,
  "ajio_491566719": 1784566479.745248,
  "ajio_493860013": 1784566479.7452486,
  "ajio_467260501001": 1784566479.745249,
  "ajio_702734296001": 1784566479.7452495,
  "ajio_702841897001": 1784566479.74525,
  "ajio_467012854016": 1784566479.7452502,
  "ajio_467279512001": 1784566479.7452507,
  "ajio_442352813007": 1784566479.745252,
  "ajio_469722188001": 1784566479.7452524,
  "ajio_469798289001": 1784566479.7452528,
  "ajio_466487325013": 1784566479.745253,
  "ajio_467196301001": 1784566479.7452538,
  "ajio_465116630002": 1784566479.7452545,
  "ajio_469340741001": 1784566479.745255,
  "ajio_441629712009": 1784566479.7452552,
  "ajio_469154463001": 1784566479.7452557,
  "ajio_469829457001": 1784566479.7452562,
  "ajio_469107797017": 1784566479.7452567,
  "ajio_701133974003": 1784566479.7452574,
  "ajio_442709177003": 1784566479.745258,
  "ajio_469702459005": 1784566479.7452586,
  "ajio_442528445007": 1784566479.7452588,
  "ajio_442656607001": 1784566479.7452595,
  "ajio_442939564004": 1784566479.7452598,
  "ajio_466996193002": 1784566479.7452736,
  "ajio_467228425001": 1784566479.7452743,
  "ajio_469452020002": 1784566479.745275,
  "ajio_442109984001": 1784566479.7452755,
  "ajio_469206328002": 1784566479.7452762,
  "ajio_441055968056": 1784566479.7452767,
  "ajio_467045148002": 1784566479.7452772,
  "ajio_442754749013": 1784566479.7452776,
  "ajio_469646805001": 1784566479.745278,
  "ajio_469250146004": 1784566479.7452784,
  "ajio_467228421011": 1784566479.745279,
  "ajio_442764599006": 1784566479.7452796,
  "ajio_700325400003": 1784566479.74528,
  "jiomart_groceries": 1784566479.7452805
}