{
  "B00JD8EA1U": 1784256211.8619592,
  "B0DC6WQN5S": 1784256211.8619604,
  "B0FMP824FG": 1784256211.861961,
  "B0GL2MJBT2": 1784256211.8619618,
  "B0CSW9C5HG": 1784256211.8619623,
  "B0FX5FWKZC": 1784256211.8619628,
  "B0D66ZBQ36": 1784256211.8619633,
  "B0CH1524PL": 1784256211.8619637,
  "B0FP9GKQ57": 1784256211.8619642,
  "B077BFH786": 1784256211.8619647,
  "B0G59V9WNV": 1784256211.8619654,
  "B0FR9T2NMF": 1784256211.8619661,
  "B0863KCSRP": 1784256211.8619666,
  "B0GPQR8MNP": 1784256211.8619668,
  "B0DM87CKQF": 1784256211.8619673,
  "B07435TZ27": 1784256211.8619678,
  "B0CV7J49TQ": 1784256211.8619683,
  "B0FRG78ZJW": 1784256211.861969,
  "B0H6BM6JBH": 1784256211.8619692,
  "B07XZFKR6J": 1784256211.8619697,
  "B0CKBND48X": 1784256211.8619702,
  "B0GY8HBXCL": 1784256211.8619707,
  "B0GPDL4X5D": 1784256211.8619716,
  "B0FMYJLV5D": 1784256211.8619723,
  "B0H5X4Z82B": 1784256211.8619728,
  "PWBHHF3NY8UHSDSW": 1784256211.8619733,
  "ACCHJVFYMZVWFHGM": 1784256211.8619738,
  "B0C281C231": 1784256211.861974,
  "ajio_464815792001": 1784256211.8619745,
  "ajio_700128535001": 1784256211.861975,
  "ajio_702254928001": 1784256211.8619757,
  "ajio_700256550002": 1784256211.8619761,
  "ajio_442404144008": 1784256211.8619766,
  "ajio_467188929001": 1784256211.861977,
  "ajio_467267277001": 1784256211.8619776,
  "ajio_700143958006": 1784256211.861978,
  "ajio_467262692001": 1784256211.8619785,
  "ajio_466907858001": 1784256211.8619792,
  "ajio_600642142": 1784256211.8619797,
  "ajio_492663474": 1784256211.8619802,
  "ajio_410371523001": 1784256211.8619807,
  "ajio_469610797003": 1784256211.8619812,
  "ajio_467281977001": 1784256211.8619816,
  "ajio_467174022003": 1784256211.8619828,
  "ajio_600645984": 1784256211.861983,
  "ajio_600678272": 1784256211.8619835,
  "ajio_600645997": 1784256211.861984,
  "ajio_467227483001": 1784256211.8619845,
  "ajio_469625182003": 1784256211.861985,
  "ajio_410522796002": 1784256211.8619854,
  "ajio_469627784001": 1784256211.8619862,
  "ajio_469010551003": 1784256211.8619866,
  "ajio_467308740002": 1784256211.861987,
  "ajio_467011005001": 1784256211.8619874,
  "ajio_467062883002": 1784256211.8619878,
  "ajio_410455706001": 1784256211.8619883,
  "ajio_465182161005": 1784256211.8619888,
  "ajio_410475337003": 1784256211.8619893,
  "ajio_442031726002": 1784256211.8619897,
  "ajio_466086101001": 1784256211.8619902,
  "jiomart_groceries": 1784256211.8619907
}