{
  "B0H4H59Q78": 1784651233.3920925,
  "B0FBS6YXQC": 1784651233.392094,
  "B0GL2LWCVL": 1784651233.3920946,
  "B0FDQKGB28": 1784651233.3920958,
  "B0H6JLKK7W": 1784651233.3920965,
  "B0F4WVW7D9": 1784651233.3920972,
  "B0GK9D99SG": 1784651233.392098,
  "B0H2DTK4GK": 1784651233.392099,
  "B08W8QQLWD": 1784651233.3920996,
  "B0DQD8HWWG": 1784651233.3921,
  "B0D6GK2871": 1784651233.392101,
  "B0F4Y17ZVD": 1784651233.392102,
  "B0D66Z1W4M": 1784651233.3921027,
  "B09413JRRT": 1784651233.3921034,
  "B0F3GYMWG5": 1784651233.392104,
  "B0GJDVGS6P": 1784651233.3921044,
  "B0H2D97D9Z": 1784651233.392105,
  "B0C81SZTSF": 1784651233.392106,
  "B08S7MCNKT": 1784651233.3921065,
  "B0GXBQ54BP": 1784651233.392107,
  "B0CVL9BGNG": 1784651233.3921075,
  "B0GXQ48ZDT": 1784651233.392108,
  "B0GWQ3NDLK": 1784651233.392109,
  "B0H4RXT2PB": 1784651233.3921094,
  "B0H2HLRNYD": 1784651233.39211,
  "B0CQ4TSFPS": 1784651233.3921106,
  "B0C24J7SDG": 1784651233.392111,
  "B0F9YGHHXG": 1784651233.3921118,
  "B0DKDVB22T": 1784651233.3921125,
  "B0F74D93MT": 1784651233.392113,
  "B0G33XW2RX": 1784651233.3921134,
  "B0DTHRY1QD": 1784651233.392114,
  "B0FHK7DST7": 1784651233.3921144,
  "PWBHHF3VXAMHBY7G": 1784651233.3921149,
  "ACCHJVFYMZVWFHGM": 1784651233.3921154,
  "TMRHGXCWZTV43GZJ": 1784651233.392116,
  "TMRHHJ3CJGZCFGBZ": 1784651233.3921168,
  "AFRHDYGBPHNK3GZB": 1784651233.3921173,
  "AFRHDYGBWHJXAKFX": 1784651233.3921177,
  "WMNH2E8JYQCQTHRK": 1784651233.3921182,
  "MIXGK7N2HEUYPHFV": 1784651233.3921187,
  "AFRHF6RSP5SRBRXT": 1784651233.3921194,
  "EDFGFMSJVHHHVHWQ": 1784651233.39212,
  "AFRHY56JU42EH3ZT": 1784651233.3921208,
  "EDFGFKS7WGNSJF4M": 1784651233.3921213,
  "AFRGSVTBEYVMUPN6": 1784651233.3921218,
  "tatacliq_6141626606076184374": 1784651233.392122,
  "jiomart_groceries": 1784651233.392123
}