{
  "AFRHDYGBWHJXAKFX": 1784717755.6505044,
  "AFRHDYGBPHNK3GZB": 1784717755.6505067,
  "AFRHF6RSP5SRBRXT": 1784717755.6505077,
  "MIXGK7N2HEUYPHFV": 1784717755.6505084,
  "AFRHKJK2T7NMNMWA": 1784717755.650509,
  "EDFGFMSJVHHHVHWQ": 1784717755.6505098,
  "ajio_469687887001": 1784717755.6505108,
  "ajio_700789608001": 1784717755.6505115,
  "ajio_467260501001": 1784717755.6505125,
  "ajio_700064559006": 1784717755.650513,
  "ajio_467012854016": 1784717755.650514,
  "ajio_462590387019": 1784717755.6505148,
  "ajio_492493531": 1784717755.6505156,
  "ajio_469817358001": 1784717755.650516,
  "ajio_469667026002": 1784717755.6505167,
  "ajio_491001270": 1784717755.6505172,
  "ajio_469812812002": 1784717755.6505177,
  "ajio_450144502019": 1784717755.6505184,
  "ajio_469722188001": 1784717755.6505191,
  "ajio_469816561001": 1784717755.6505196,
  "ajio_460796346025": 1784717755.6505203,
  "ajio_467223594001": 1784717755.650521,
  "ajio_410457796003": 1784717755.650522,
  "ajio_700613550001": 1784717755.6505232,
  "ajio_466961461015": 1784717755.650524,
  "ajio_469107797017": 1784717755.6505244,
  "ajio_702121507002": 1784717755.6505249,
  "ajio_466996193002": 1784717755.6505253,
  "ajio_467228425001": 1784717755.6505258,
  "ajio_490966836": 1784717755.6505265,
  "ajio_702975557010": 1784717755.650527,
  "ajio_469451979001": 1784717755.6505275,
  "ajio_441055968056": 1784717755.650528,
  "ajio_469646805001": 1784717755.6505287,
  "ajio_469250146004": 1784717755.6505296,
  "ajio_467228421011": 1784717755.6505299,
  "ajio_467170916002": 1784717755.6505303,
  "ajio_700325400003": 1784717755.6505308,
  "ajio_442939549004": 1784717755.6505313,
  "ajio_467154559001": 1784717755.650532,
  "ajio_467176306003": 1784717755.6505327,
  "tatacliq_2053802339871567375": 1784717755.6505332,
  "jiomart_groceries": 1784717755.6505337
}