{
  "B089W91GV7": 1784238918.4124367,
  "B0GRVLYNVW": 1784238918.4124386,
  "B0FM3R73VW": 1784238918.412439,
  "B0D2DWPMKM": 1784238918.4124398,
  "PWBHHF3VXAMHBY7G": 1784238918.4124408,
  "B0FCSL89SJ": 1784238918.4124413,
  "ACCHJVFYMZVWFHGM": 1784238918.412443,
  "B0GH1S4B3R": 1784238918.4124436,
  "B0GXK5K633": 1784238918.4124446,
  "B0DC6X6FPB": 1784238918.412445,
  "SHOGTZYUVQCQGFBA": 1784238918.412446,
  "B0DFCRDCKW": 1784238918.4124472,
  "B0DN61YDMH": 1784238918.4124477,
  "B0GYSNL7KS": 1784238918.4124484,
  "WSLHHEKTSWSGEJYX": 1784238918.4124491,
  "WSLGBSHUJ34NZEXV": 1784238918.4124498,
  "SOIG8ZK9VC7PWRNK": 1784238918.4124506,
  "SOIFZ9MWYUTCZUXR": 1784238918.4124513,
  "B0GPQV8L6D": 1784238918.4124517,
  "B0FM39RMGP": 1784238918.4124527,
  "B0DK5Q1JZC": 1784238918.4124532,
  "AFRHDYGBPHNK3GZB": 1784238918.412454,
  "EDFGFMSJVHHHVHWQ": 1784238918.412455,
  "B0FQPHP954": 1784238918.4124558,
  "AFRHDYGBWHJXAKFX": 1784238918.4124563,
  "AFRHKJK2T7NMNMWA": 1784238918.4124568,
  "IMMGG4DYT28KAXVH": 1784238918.4124575,
  "ajio_443114848001": 1784238918.4124582,
  "AFRGSVTBEYVMUPN6": 1784238918.4124587,
  "ajio_703393567005": 1784238918.4124594,
  "AFRHCHFGYNJGYAPX": 1784238918.4124599,
  "ajio_702372916003": 1784238918.4124603,
  "B0H494P9NW": 1784238918.4124608,
  "AFRHYFRBRRQCM6QG": 1784238918.4124613,
  "ajio_703610978004": 1784238918.4124618,
  "AFRHY56JU42EH3ZT": 1784238918.4124622,
  "ajio_702072030002": 1784238918.412463,
  "ajio_410395206001": 1784238918.4124634,
  "ajio_703572762001": 1784238918.412464,
  "ajio_702406104001": 1784238918.4124646,
  "B0BDS4LHN5": 1784238918.412465,
  "ajio_700883473001": 1784238918.4124658,
  "ajio_469758611004": 1784238918.4124665,
  "ajio_469758318003": 1784238918.4124672,
  "ajio_442404144008": 1784238918.4124677,
  "ajio_469624444003": 1784238918.4124682,
  "ajio_700817980002": 1784238918.4124687,
  "B0FMP824FG": 1784238918.412469,
  "ajio_465920087001": 1784238918.4124694,
  "ajio_410475722001": 1784238918.41247,
  "ajio_700143958006": 1784238918.4124706,
  "ajio_469736771001": 1784238918.4124713,
  "ajio_701165517001": 1784238918.4124715,
  "B0C994G1BH": 1784238918.412472,
  "ajio_442192671008": 1784238918.4124725,
  "ajio_410354231011": 1784238918.4124732,
  "ajio_442403154001": 1784238918.4124737,
  "ajio_467062883002": 1784238918.4124742,
  "B0DQD8HWWG": 1784238918.4124744,
  "B0H28XGBW2": 1784238918.4124749,
  "B0CH1524PL": 1784238918.4124753,
  "B0FP9GKQ57": 1784238918.4124758,
  "B0H2DTDCQC": 1784238918.4124763,
  "B0CQ4TSFPS": 1784238918.4124768,
  "B0G59V9WNV": 1784238918.4124773,
  "B07TZTF64P": 1784238918.4124777,
  "B0FQJ1RFDN": 1784238918.412478,
  "B0FRG78ZJW": 1784238918.4124784,
  "B0H6BM6JBH": 1784238918.412479,
  "B0GY8HBXCL": 1784238918.4124794,
  "B08GJ57MKL": 1784238918.41248,
  "jiomart_groceries": 1784238918.4124806
}