{
  "B0H2DYRPBP": 1784622742.3337543,
  "B08GJ57MKL": 1784622742.3337562,
  "B0GK9D99SG": 1784622742.3337572,
  "B07DLCZT11": 1784622742.333758,
  "B0H6JLKK7W": 1784622742.3337593,
  "B0DQD8HWWG": 1784622742.3337603,
  "B0H2DD8Z5T": 1784622742.3337612,
  "B0F2MHKCG1": 1784622742.333762,
  "B0GWQ3NDLK": 1784622742.333763,
  "B08W8QQLWD": 1784622742.3337638,
  "B0FDQKGB28": 1784622742.3337646,
  "B08TV2P1N8": 1784622742.333766,
  "B0F4Y17ZVD": 1784622742.3337667,
  "B0G2B12DSQ": 1784622742.3337677,
  "B0FM3R73VW": 1784622742.3337686,
  "B0D5BK6Y38": 1784622742.3337698,
  "B0966HZCBK": 1784622742.3337705,
  "B0CVF9YPPD": 1784622742.3337712,
  "B0FDH7397M": 1784622742.333772,
  "B0GXBQ54BP": 1784622742.3337731,
  "B0B11LJ69K": 1784622742.333774,
  "B07RGBK94Z": 1784622742.3337748,
  "B00KXULGJQ": 1784622742.3337765,
  "B0GJDVGS6P": 1784622742.3337772,
  "B0F9YGHHXG": 1784622742.333778,
  "B0G52VRVC8": 1784622742.3337789,
  "B0FP948JMW": 1784622742.3337798,
  "B0DKDVB22T": 1784622742.3337805,
  "B0GNMPL32L": 1784622742.3338058,
  "B0G821YMW4": 1784622742.3338075,
  "B0F74D93MT": 1784622742.3338082,
  "B0GZK8YW47": 1784622742.3338091,
  "B0G33XW2RX": 1784622742.3338099,
  "B0GX9Y5PWZ": 1784622742.3338108,
  "B0FHK7DST7": 1784622742.3338115,
  "B0DTHRY1QD": 1784622742.3338122,
  "ajio_467260501001": 1784622742.333813,
  "ajio_702841897001": 1784622742.3338137,
  "ajio_467012854016": 1784622742.3338149,
  "ajio_703028867001": 1784622742.3338156,
  "ajio_462590387019": 1784622742.3338165,
  "ajio_469722188001": 1784622742.3338175,
  "ajio_469749103001": 1784622742.3338184,
  "ajio_469798289001": 1784622742.3338203,
  "ajio_465116630002": 1784622742.3338213,
  "ajio_466961461015": 1784622742.3338223,
  "ajio_469107797017": 1784622742.3338232,
  "ajio_701133974003": 1784622742.3338242,
  "ajio_702121507002": 1784622742.333825,
  "ajio_442656607001": 1784622742.3338263,
  "ajio_469816559001": 1784622742.3338273,
  "ajio_466996193002": 1784622742.3338284,
  "ajio_467228425001": 1784622742.3338292,
  "ajio_469452020002": 1784622742.33383,
  "ajio_442109984001": 1784622742.333831,
  "ajio_441055968056": 1784622742.333832,
  "ajio_467045148002": 1784622742.3338327,
  "ajio_469646805001": 1784622742.3338337,
  "ajio_469250146004": 1784622742.3338344,
  "ajio_465060520003": 1784622742.3338356,
  "ajio_467228421011": 1784622742.3338363,
  "ajio_467170916002": 1784622742.3338373,
  "ajio_700325400003": 1784622742.3338382,
  "ajio_469118668005": 1784622742.3338394,
  "ajio_467154559001": 1784622742.3338401,
  "ajio_467197354004": 1784622742.333841,
  "ajio_442306829002": 1784622742.3338423,
  "ajio_441165351010": 1784622742.333843,
  "ajio_442529872001": 1784622742.3338442,
  "ajio_702671640001": 1784622742.333845,
  "ajio_442531460002": 1784622742.3338463,
  "ajio_467217045001": 1784622742.333847,
  "ajio_442711589021": 1784622742.333848,
  "ajio_466699285001": 1784622742.3338487,
  "ajio_469105071001": 1784622742.33385,
  "jiomart_groceries": 1784622742.333851
}