{
  "B0H75JDT88": 1784700139.6695135,
  "B0CVF9YPPD": 1784700139.669515,
  "B0FQJ1RFDN": 1784700139.669516,
  "B0DSFQZTVW": 1784700139.6695168,
  "B0FDQKGB28": 1784700139.6695173,
  "B00JD8EA1U": 1784700139.669518,
  "B09MMHBS6P": 1784700139.669519,
  "B0CBKKG7TJ": 1784700139.6695197,
  "B0GGHH9P5V": 1784700139.6695204,
  "B0CNXT32YD": 1784700139.669521,
  "B0H1MT9DHS": 1784700139.6695218,
  "B0F4WVW7D9": 1784700139.669523,
  "B0DQD8HWWG": 1784700139.6695235,
  "B0D7LYYBQY": 1784700139.669524,
  "B0FS1VB862": 1784700139.6695247,
  "B0F3GYMWG5": 1784700139.6695254,
  "B0DB5VKP2X": 1784700139.669526,
  "B0GTLQSHR6": 1784700139.6695268,
  "B0FR9R16HD": 1784700139.6695273,
  "B0759PFJFH": 1784700139.669528,
  "B0B11LJ69K": 1784700139.6695287,
  "B0GRVXMGD4": 1784700139.6695297,
  "TMRHHJ3CJGZCFGBZ": 1784700139.6695306,
  "SOIG8ZK9VC7PWRNK": 1784700139.6695313,
  "SOIFZ9MWYUTCZUXR": 1784700139.669532,
  "WSLHYAQ542KKESTT": 1784700139.6695328,
  "AFRHDYGBWHJXAKFX": 1784700139.6695333,
  "AFRHDYGBPHNK3GZB": 1784700139.669534,
  "IMMGG4DYT28KAXVH": 1784700139.6695342,
  "MIXGK7N2HEUYPHFV": 1784700139.669535,
  "EDFGFMSJVHHHVHWQ": 1784700139.6695354,
  "AFRHF6RSP5SRBRXT": 1784700139.669536,
  "AFRHKJK2T7NMNMWA": 1784700139.6695368,
  "AFRHY56JU42EH3ZT": 1784700139.6695373,
  "EDFGFKS7WGNSJF4M": 1784700139.6695378,
  "ajio_700789608001": 1784700139.6695383,
  "ajio_467260501001": 1784700139.6695387,
  "ajio_494447213": 1784700139.6695392,
  "ajio_700064559006": 1784700139.66954,
  "ajio_410540450001": 1784700139.6695406,
  "ajio_467012854016": 1784700139.6695414,
  "ajio_462590387019": 1784700139.669542,
  "ajio_466844634002": 1784700139.6695426,
  "ajio_492493531": 1784700139.669544,
  "ajio_466077779001": 1784700139.6695445,
  "ajio_469817358001": 1784700139.669545,
  "ajio_703122037001": 1784700139.6695454,
  "ajio_443063712008": 1784700139.669546,
  "ajio_469667026002": 1784700139.6695466,
  "ajio_491001270": 1784700139.669547,
  "ajio_469812812002": 1784700139.6695473,
  "ajio_450144502019": 1784700139.6695478,
  "ajio_469722188001": 1784700139.6695483,
  "ajio_467223594001": 1784700139.6695487,
  "ajio_410457796003": 1784700139.6695495,
  "ajio_494822169": 1784700139.66955,
  "ajio_491939140": 1784700139.6695504,
  "ajio_467220503002": 1784700139.669551,
  "ajio_466961461015": 1784700139.6695514,
  "ajio_469107797017": 1784700139.6695518,
  "ajio_703389777001": 1784700139.6695523,
  "ajio_702121507002": 1784700139.6695528,
  "ajio_466996193002": 1784700139.6695535,
  "ajio_467228425001": 1784700139.6695538,
  "ajio_490966836": 1784700139.6695542,
  "ajio_702975557010": 1784700139.6695547,
  "ajio_469451979001": 1784700139.6695552,
  "ajio_441055968056": 1784700139.6695557,
  "ajio_442657993001": 1784700139.6695561,
  "ajio_469646805001": 1784700139.6695564,
  "ajio_469250146004": 1784700139.669557,
  "ajio_467228421011": 1784700139.6695576,
  "ajio_467170916002": 1784700139.6695583,
  "tatacliq_3121187365494296071": 1784700139.6695588,
  "jiomart_groceries": 1784700139.669559
}