{
  "B0H44RVFFK": 1784449098.902314,
  "B08W8QQLWD": 1784449098.9023159,
  "B0FHW238R2": 1784449098.9023168,
  "B0F4WWCMNK": 1784449098.9023175,
  "B0CQ4TSFPS": 1784449098.9023182,
  "B0FM38MRWL": 1784449098.9023194,
  "B08KFMFHDD": 1784449098.9023201,
  "B0F2J6QCJB": 1784449098.9023206,
  "B0F4Y17ZVD": 1784449098.9023216,
  "B0GH7FM3ZR": 1784449098.9023225,
  "B0D66ZBQ36": 1784449098.9023232,
  "B0DQD8HWWG": 1784449098.9023244,
  "B0G2B39Q4H": 1784449098.9023254,
  "B08GJ57MKL": 1784449098.902326,
  "B0GPDG4NG3": 1784449098.9023268,
  "B0H4RVDHXD": 1784449098.9023273,
  "B0B11LJ69K": 1784449098.9023278,
  "B0GMWLSVKS": 1784449098.9023285,
  "B00RACAX12": 1784449098.9023294,
  "B0GXBQ54BP": 1784449098.9023302,
  "B0FLQGFVXT": 1784449098.9023306,
  "B0BJ72WZQ7": 1784449098.902331,
  "B0CV7J49TQ": 1784449098.9023323,
  "B0BYT4H317": 1784449098.902333,
  "B0CVF9YPPD": 1784449098.9023335,
  "B0C3XL5Y64": 1784449098.902334,
  "B0D6GK2871": 1784449098.9023347,
  "B0GXQ48ZDT": 1784449098.9023354,
  "B0F3GYMWG5": 1784449098.902336,
  "ajio_702254928001": 1784449098.9023368,
  "ajio_467188929001": 1784449098.902337,
  "ajio_467267277001": 1784449098.9023376,
  "ajio_467262692001": 1784449098.902338,
  "ajio_442404145002": 1784449098.9023387,
  "ajio_701592202004": 1784449098.9023392,
  "ajio_469610797003": 1784449098.90234,
  "ajio_467281977001": 1784449098.9023404,
  "ajio_467174022003": 1784449098.902341,
  "ajio_600645984": 1784449098.9023411,
  "ajio_600645997": 1784449098.9023416,
  "ajio_467227483001": 1784449098.902342,
  "ajio_469625182003": 1784449098.9023426,
  "ajio_410522796002": 1784449098.9023433,
  "ajio_467011005001": 1784449098.9023442,
  "jiomart_groceries": 1784449098.9023447
}