{
  "B0FJ7QX6NQ": 1784614086.8414752,
  "B08TV2P1N8": 1784614086.8414772,
  "B0G2B12DSQ": 1784614086.841478,
  "B00JD8EA1U": 1784614086.8414788,
  "B0CN1GQ6MB": 1784614086.84148,
  "B071L2848D": 1784614086.8414805,
  "B0G8NJBZFN": 1784614086.8414814,
  "B0B1B9PDK6": 1784614086.8414822,
  "B08Q8DJRP1": 1784614086.8414826,
  "B07VVK39F7": 1784614086.8414836,
  "B07DLCZT11": 1784614086.841484,
  "B0D3PH398K": 1784614086.8414848,
  "B0CQ4TSFPS": 1784614086.8414855,
  "B0CV7J49TQ": 1784614086.8414865,
  "B0GPCX82G8": 1784614086.841487,
  "B08GJ57MKL": 1784614086.8414874,
  "B0GC5P9QCT": 1784614086.8414881,
  "B0D7QFX2YG": 1784614086.8414888,
  "B0F4Y17ZVD": 1784614086.8414893,
  "B0F3GYMWG5": 1784614086.8414903,
  "B06XDP2C1S": 1784614086.8414907,
  "B07WLVV8Y3": 1784614086.8414915,
  "B0FDQKGB28": 1784614086.8414927,
  "B0DW8DX2M9": 1784614086.841493,
  "B0759PFJFH": 1784614086.841494,
  "B0FP8MH7H1": 1784614086.8414946,
  "B0D2T9RD1Z": 1784614086.841495,
  "B07YWZMJFP": 1784614086.841496,
  "B07NCKPK21": 1784614086.841497,
  "B0G58FNPBC": 1784614086.8414974,
  "B0CSW9C5HG": 1784614086.8414981,
  "B0D8WC2XY1": 1784614086.8414989,
  "B09RB6LKTN": 1784614086.8414993,
  "B083TJBKCQ": 1784614086.8415,
  "B0F8Q5GVPK": 1784614086.841501,
  "B0GWFDFKTQ": 1784614086.841502,
  "B07G75YX15": 1784614086.8415027,
  "B0CXPYYQS3": 1784614086.8415039,
  "B0CS3KQWMM": 1784614086.8415043,
  "B08CG67HZV": 1784614086.8415053,
  "B0CFYQKHJN": 1784614086.8415058,
  "B0BWS3PSR2": 1784614086.8415062,
  "B00YPBQMGG": 1784614086.841507,
  "B0CZ9JT9J3": 1784614086.8415082,
  "B0CZ9LXQM2": 1784614086.8415089,
  "B0BRQGL35H": 1784614086.8415098,
  "B079P73971": 1784614086.8415103,
  "B0CZ9L43RM": 1784614086.8415112,
  "B0CX4SSG9Z": 1784614086.841512,
  "B0GS1F1548": 1784614086.8415127,
  "B0C6TPPNS5": 1784614086.8415132,
  "B0CZ9L4LNX": 1784614086.8415136,
  "B07Y2Z7DLW": 1784614086.8415146,
  "B07BGXXHPZ": 1784614086.8415153,
  "B0BQW2WSVK": 1784614086.841516,
  "PWBHHF3VXAMHBY7G": 1784614086.8415167,
  "ACCHJVFYMZVWFHGM": 1784614086.8415177,
  "SHOGSZ9CJCG7MHYD": 1784614086.8415182,
  "SHOHHHJUFTV9NNVH": 1784614086.8415186,
  "DIAHGZRABZNPZSAA": 1784614086.8415196,
  "WSLHHEKTSWSGEJYX": 1784614086.84152,
  "WSLGBSHUJ34NZEXV": 1784614086.8415205,
  "TMRHHJ3CJGZCFGBZ": 1784614086.8415213,
  "SOIG8ZK9VC7PWRNK": 1784614086.8415217,
  "SOIGYEEVSWSWCHHA": 1784614086.8415222,
  "AFRHDYGBWHJXAKFX": 1784614086.841523,
  "AFRHDYGBPHNK3GZB": 1784614086.8415234,
  "AFRHF6RSP5SRBRXT": 1784614086.841524,
  "EDFGFMSJVHHHVHWQ": 1784614086.8415244,
  "AFRHDYGBE34WSTFS": 1784614086.8415256,
  "ajio_467260501001": 1784614086.841526,
  "ajio_702841897001": 1784614086.8415263,
  "ajio_467012854016": 1784614086.8415267,
  "ajio_703028867001": 1784614086.8415272,
  "ajio_469722188001": 1784614086.8415277,
  "ajio_469798289001": 1784614086.8415287,
  "ajio_465116630002": 1784614086.8415291,
  "ajio_466961461015": 1784614086.8415296,
  "ajio_469107797017": 1784614086.84153,
  "ajio_701133974003": 1784614086.8415306,
  "ajio_442767738007": 1784614086.8415308,
  "ajio_702121507002": 1784614086.8415318,
  "ajio_442656607001": 1784614086.841532,
  "ajio_469816559001": 1784614086.8415325,
  "ajio_466996193002": 1784614086.841533,
  "ajio_467228425001": 1784614086.8415334,
  "ajio_469452020002": 1784614086.841535,
  "ajio_442109984001": 1784614086.8415356,
  "ajio_442767788010": 1784614086.841536,
  "ajio_441055968056": 1784614086.8415365,
  "ajio_467045148002": 1784614086.841537,
  "ajio_469646805001": 1784614086.8415372,
  "ajio_469250146004": 1784614086.8415377,
  "ajio_465060520003": 1784614086.8415382,
  "ajio_467228421011": 1784614086.841539,
  "ajio_467170916002": 1784614086.8415394,
  "ajio_700325400003": 1784614086.8415399,
  "ajio_469118668005": 1784614086.8415403,
  "ajio_467154559001": 1784614086.8415406,
  "ajio_467197354004": 1784614086.841541,
  "ajio_442767944011": 1784614086.8415415,
  "ajio_442709164019": 1784614086.8415422,
  "ajio_442306829002": 1784614086.8415427,
  "ajio_441165351010": 1784614086.8415432,
  "ajio_442529872001": 1784614086.8415434,
  "ajio_442531460002": 1784614086.841544,
  "ajio_467217045001": 1784614086.8415444,
  "ajio_442711589021": 1784614086.8415449,
  "ajio_466699285001": 1784614086.841545,
  "jiomart_groceries": 1784614086.8415458
}