{
  "B0DYF4626Q": 1784464582.8439016,
  "B0CQ4TSFPS": 1784464582.8439028,
  "B08Q8DJRP1": 1784464582.8439033,
  "B0D66ZBQ36": 1784464582.8439038,
  "B0CCV73GJG": 1784464582.8439043,
  "B0H2DTSBF9": 1784464582.8439047,
  "B0CVF9YPPD": 1784464582.8439052,
  "B0FVSHSYM3": 1784464582.8439057,
  "B0FQJ1RFDN": 1784464582.8439064,
  "B0CKBND48X": 1784464582.843907,
  "B07DLCZT11": 1784464582.8439076,
  "B0G35KN6G2": 1784464582.843908,
  "B0B6BLTGTT": 1784464582.8439085,
  "B0CV5Q299R": 1784464582.8439093,
  "B0DTHYWTF3": 1784464582.84391,
  "B0DQD8HWWG": 1784464582.8439105,
  "B0H44SBX2T": 1784464582.843911,
  "B0F2MHKCG1": 1784464582.8439114,
  "B0GXQ48ZDT": 1784464582.843912,
  "B0GWQ3NDLK": 1784464582.8439126,
  "B0H4H579QP": 1784464582.8439133,
  "B0F4Y17ZVD": 1784464582.8439138,
  "B00RAEYDC0": 1784464582.8439147,
  "B0CVL9BGNG": 1784464582.8439152,
  "B0GXBQ54BP": 1784464582.8439157,
  "B0H4RWC9H2": 1784464582.8439162,
  "B0H4TW6L8X": 1784464582.843917,
  "B08W8QQLWD": 1784464582.8439174,
  "B0GJGGYPJW": 1784464582.8439178,
  "B0GPCX82G8": 1784464582.8439183,
  "B0D9WV1TPJ": 1784464582.8439188,
  "B09VC2D2WG": 1784464582.8439193,
  "B0CX5FQPH2": 1784464582.8439198,
  "B078K2YPRW": 1784464582.8439205,
  "B0GSFHJTKS": 1784464582.843921,
  "B08CJJ3Y3Y": 1784464582.8439217,
  "B0GRVK2K1J": 1784464582.8439221,
  "B0FL9LPCZZ": 1784464582.8439226,
  "B0CK6G39HN": 1784464582.843923,
  "WSLGYKZGEHFXXBB2": 1784464582.8439238,
  "WSLGBSHUJ34NZEXV": 1784464582.8439243,
  "TMRHHJ3CJGZCFGBZ": 1784464582.8439248,
  "ajio_702254928001": 1784464582.8439252,
  "ajio_467188929001": 1784464582.8439262,
  "ajio_467267277001": 1784464582.8439264,
  "ajio_467262692001": 1784464582.8439274,
  "ajio_442404145002": 1784464582.8439276,
  "ajio_701592202004": 1784464582.843928,
  "ajio_469610797003": 1784464582.8439286,
  "ajio_467281977001": 1784464582.843929,
  "ajio_467174022003": 1784464582.8439298,
  "ajio_600645984": 1784464582.8439305,
  "ajio_467154229004": 1784464582.843931,
  "ajio_600645997": 1784464582.8439314,
  "ajio_467227483001": 1784464582.8439317,
  "ajio_410522796002": 1784464582.8439322,
  "jiomart_groceries": 1784464582.8439326
}