{
  "B08W8QQLWD": 1784530110.2163575,
  "B0FFSX167Y": 1784530110.2163594,
  "B0GXBQ54BP": 1784530110.2163603,
  "B0DQD8HWWG": 1784530110.216361,
  "B0FMRH6X8Y": 1784530110.2163618,
  "B08CKMPYDT": 1784530110.2163622,
  "B0GXQ48ZDT": 1784530110.216363,
  "B0FHW238R2": 1784530110.2163634,
  "B0D66Z1W4M": 1784530110.2163644,
  "B0FQJ1RFDN": 1784530110.216365,
  "B07J4WNXRM": 1784530110.2163653,
  "B0CV7J49TQ": 1784530110.2163663,
  "B0GPCX82G8": 1784530110.2163668,
  "B0BS9LFSWJ": 1784530110.2163677,
  "B0CVF9YPPD": 1784530110.2163684,
  "B0G8NJBZFN": 1784530110.216369,
  "B0G2B39Q4H": 1784530110.2163696,
  "B0DW8DX2M9": 1784530110.2163706,
  "B0H4RKFY4V": 1784530110.2163718,
  "B0CKBND48X": 1784530110.2163723,
  "B0B131G7BD": 1784530110.216373,
  "B0GLHQRB1R": 1784530110.216374,
  "B0CVDQ37X4": 1784530110.216375,
  "B00JD8EA1U": 1784530110.2163758,
  "B0H4RXT2PB": 1784530110.2163763,
  "B0F4Y17ZVD": 1784530110.2163773,
  "B0CBKKG7TJ": 1784530110.2163785,
  "B0BZZ263YF": 1784530110.216379,
  "B0GJDX22QZ": 1784530110.2163794,
  "PWBHHF3VXAMHBY7G": 1784530110.2163801,
  "ACCHJVFYMZVWFHGM": 1784530110.2163806,
  "ajio_701392864001": 1784530110.2163815,
  "ajio_702734296001": 1784530110.216382,
  "ajio_469811202001": 1784530110.2163827,
  "ajio_469536371042": 1784530110.2163832,
  "ajio_467279512001": 1784530110.2163837,
  "ajio_460218893001": 1784530110.2163842,
  "ajio_467138828002": 1784530110.2163846,
  "ajio_469722188001": 1784530110.2163856,
  "ajio_465116630002": 1784530110.2163858,
  "ajio_703103234001": 1784530110.2163866,
  "ajio_469829457001": 1784530110.216387,
  "ajio_442528445007": 1784530110.2163873,
  "ajio_450152426002": 1784530110.2163887,
  "ajio_464963678001": 1784530110.2163892,
  "ajio_442109984001": 1784530110.2163897,
  "ajio_442711479008": 1784530110.21639,
  "ajio_442307035002": 1784530110.2163904,
  "ajio_703093546001": 1784530110.2163908,
  "ajio_442253326003": 1784530110.2163913,
  "ajio_700198539001": 1784530110.216392,
  "ajio_703707249001": 1784530110.2163923,
  "ajio_443605396014": 1784530110.2163928,
  "ajio_702254928001": 1784530110.2163932,
  "ajio_410457801026": 1784530110.2163937,
  "ajio_467169653001": 1784530110.216394,
  "ajio_442600178003": 1784530110.2163944,
  "ajio_467188929001": 1784530110.216395,
  "ajio_467267277001": 1784530110.2163956,
  "ajio_467068153003": 1784530110.216396,
  "ajio_442767727022": 1784530110.2163966,
  "ajio_442404153007": 1784530110.216397,
  "ajio_467262692001": 1784530110.2163975,
  "ajio_442655624003": 1784530110.216398,
  "ajio_442126183004": 1784530110.2163985,
  "ajio_442352813003": 1784530110.216399,
  "jiomart_groceries": 1784530110.2163994
}