{
  "B0D8G9J1P5": 1784580232.6723502,
  "B0CCV592KF": 1784580232.6723523,
  "B0GXQ48ZDT": 1784580232.6723533,
  "B0DQD8HWWG": 1784580232.672354,
  "B0GXBQ54BP": 1784580232.6723545,
  "B0DYNS66BT": 1784580232.6723557,
  "B077XDK8KR": 1784580232.6723568,
  "B0FM3R73VW": 1784580232.6723576,
  "B08GJ57MKL": 1784580232.6723588,
  "B09SZGSWGD": 1784580232.6723597,
  "B00JD8EA1U": 1784580232.6723607,
  "B0G8NJBZFN": 1784580232.6723616,
  "B0B131G7BD": 1784580232.6723628,
  "B0G4MVYZ42": 1784580232.6723635,
  "B0F4Y17ZVD": 1784580232.6723647,
  "B0FSKPL8BZ": 1784580232.6723657,
  "B0CSKLSWGJ": 1784580232.6723664,
  "B0759PFJFH": 1784580232.672367,
  "B0FS22R1K1": 1784580232.6723676,
  "B0D66Z1W4M": 1784580232.6723683,
  "B0GPCX82G8": 1784580232.672369,
  "B07DLCZT11": 1784580232.6723697,
  "B0DJLS6S6Q": 1784580232.672371,
  "B0DK5Q1JZC": 1784580232.6723714,
  "B0CQ4TSFPS": 1784580232.6723723,
  "B0DHPGT29X": 1784580232.672373,
  "B0H5R6C68N": 1784580232.6723735,
  "B0F9YGHHXG": 1784580232.6723745,
  "B0G52VRVC8": 1784580232.672375,
  "B0GQZS8DGV": 1784580232.672376,
  "B0FP948JMW": 1784580232.6723764,
  "B0GNMPL32L": 1784580232.672377,
  "B0G821YMW4": 1784580232.6723778,
  "B0F74D93MT": 1784580232.6723785,
  "B0G33XW2RX": 1784580232.6723795,
  "B0GZK8YW47": 1784580232.6723802,
  "B0H6K7GXMW": 1784580232.672381,
  "B0GX9Y5PWZ": 1784580232.6723816,
  "B0FHK7DST7": 1784580232.6723828,
  "B0DTHRY1QD": 1784580232.672384,
  "myntra_36277442": 1784580232.672385,
  "myntra_8667337": 1784580232.6723864,
  "myntra_18161910": 1784580232.6723878,
  "myntra_21779088": 1784580232.6723897,
  "myntra_41768664": 1784580232.6723912,
  "myntra_32635910": 1784580232.6723924,
  "myntra_40798374": 1784580232.6723933,
  "myntra_33796862": 1784580232.672394,
  "myntra_11091522": 1784580232.6723948,
  "myntra_43401399": 1784580232.6723957,
  "myntra_39480367": 1784580232.672397,
  "myntra_37646355": 1784580232.6723976,
  "myntra_31896924": 1784580232.6723983,
  "myntra_36089024": 1784580232.672399,
  "myntra_42274248": 1784580232.6723998,
  "myntra_30834832": 1784580232.6724007,
  "myntra_11091506": 1784580232.6724012,
  "myntra_35988600": 1784580232.672402,
  "myntra_43570064": 1784580232.6724026,
  "myntra_13277580": 1784580232.6724036,
  "myntra_40641591": 1784580232.672404,
  "myntra_22886266": 1784580232.6724048,
  "myntra_32194873": 1784580232.6724057,
  "myntra_39938632": 1784580232.6724067,
  "myntra_24391834": 1784580232.6724079,
  "myntra_33632923": 1784580232.6724083,
  "myntra_39736692": 1784580232.6724093,
  "myntra_34779834": 1784580232.6724098,
  "myntra_42797873": 1784580232.6724107,
  "myntra_42987455": 1784580232.6724114,
  "myntra_12371142": 1784580232.6724124,
  "myntra_13036796": 1784580232.672413,
  "myntra_32093862": 1784580232.6724136,
  "myntra_36089025": 1784580232.6724145,
  "myntra_13733778": 1784580232.6724153,
  "myntra_42247759": 1784580232.6724157,
  "myntra_42972558": 1784580232.6724164,
  "myntra_43908922": 1784580232.6724176,
  "myntra_30596736": 1784580232.6724184,
  "myntra_35733899": 1784580232.6724193,
  "myntra_37144369": 1784580232.67242,
  "myntra_31825556": 1784580232.672421,
  "myntra_43559688": 1784580232.672422,
  "myntra_13105578": 1784580232.6724226,
  "ajio_493656165": 1784580232.6724236,
  "ajio_491299308": 1784580232.6724246,
  "ajio_467260501001": 1784580232.6724265,
  "ajio_702841897001": 1784580232.6724272,
  "ajio_467012854016": 1784580232.6724281,
  "ajio_466480928001": 1784580232.6724288,
  "ajio_702673702001": 1784580232.6724293,
  "ajio_442695739006": 1784580232.6724298,
  "ajio_442352813007": 1784580232.6724303,
  "ajio_450157979008": 1784580232.672431,
  "ajio_469722188001": 1784580232.6724317,
  "ajio_469798289001": 1784580232.6724322,
  "ajio_410541549001": 1784580232.6724331,
  "ajio_442252699004": 1784580232.6724336,
  "ajio_442252733002": 1784580232.672434,
  "ajio_467196301001": 1784580232.672435,
  "ajio_467277157001": 1784580232.6724358,
  "ajio_465116630002": 1784580232.6724365,
  "ajio_469340741001": 1784580232.672437,
  "ajio_441629712009": 1784580232.6724377,
  "ajio_701372089001": 1784580232.6724386,
  "ajio_469154463001": 1784580232.6724393,
  "ajio_469107797017": 1784580232.67244,
  "ajio_701133974003": 1784580232.6724405,
  "ajio_469702459005": 1784580232.6724412,
  "ajio_442656607001": 1784580232.6724415,
  "ajio_466996193002": 1784580232.6724422,
  "ajio_467228425001": 1784580232.6724427,
  "ajio_469452020002": 1784580232.672443,
  "ajio_442109984001": 1784580232.6724434,
  "ajio_469626796001": 1784580232.6724439,
  "ajio_441055968056": 1784580232.6724443,
  "ajio_467045148002": 1784580232.6724446,
  "ajio_469820582005": 1784580232.6724453,
  "ajio_469646805001": 1784580232.672446,
  "ajio_469250146004": 1784580232.6724463,
  "ajio_467228421011": 1784580232.6724467,
  "ajio_467210324001": 1784580232.6724472,
  "jiomart_groceries": 1784580232.6724477
}