{
  "B0D8G9J1P5": 1784135225.4438634,
  "B09SWCRBXW": 1784135226.097706,
  "B0FHW238R2": 1784135230.537846,
  "B0CQPBKLGZ": 1784135232.3153396,
  "B0H4RJGL99": 1784135234.8968048,
  "B09RB6LKTN": 1784135236.8153398,
  "B08GJ57MKL": 1784135239.181522,
  "B00JD8EA1U": 1784137735.353336,
  "B0GX9M1LGT": 1784137746.1091902,
  "B00RAEYI98": 1784137755.7874615,
  "B0D8QCJP5J": 1784137794.941061,
  "B0C281HZM1": 1784137800.3653173,
  "B08243CLRL": 1784137805.861232,
  "B0GXQ48ZDT": 1784137811.2186313,
  "B0FR9GT4LM": 1784137861.3450494,
  "B0FQJ1RFDN": 1784137872.4515169
}