{
  "B0D8G9J1P5": 1784657603.8286219,
  "B0F3GYMWG5": 1784657603.8286235,
  "B08GJ57MKL": 1784657603.828625,
  "B0H4RZWB95": 1784657603.828626,
  "B0DPB2KVKG": 1784657603.8286266,
  "B0F4WVW7D9": 1784657603.8286278,
  "B0CVL9BGNG": 1784657603.828629,
  "B07J4WNXRM": 1784657603.82863,
  "B0FBS6YXQC": 1784657603.8286307,
  "B00JD8EA1U": 1784657603.8286316,
  "B0FDQKGB28": 1784657603.8286324,
  "B0GXQ48ZDT": 1784657603.828633,
  "B0DQD8HWWG": 1784657603.828634,
  "B0GWQ3NDLK": 1784657603.8286352,
  "B0H6JLKK7W": 1784657603.8286362,
  "B0CCV73GJG": 1784657603.828637,
  "B0D6GK2871": 1784657603.8286378,
  "B0DYNS66BT": 1784657603.8286388,
  "B0FQJ1RFDN": 1784657603.8286397,
  "B0F4Y17ZVD": 1784657603.8286407,
  "B0G1CJNJMN": 1784657603.828642,
  "B0GSVXZY5P": 1784657603.8286428,
  "B0D66Z1W4M": 1784657603.828644,
  "B08Q8DJRP1": 1784657603.8286452,
  "B0GK9D99SG": 1784657603.828646,
  "B08W8QQLWD": 1784657603.8286467,
  "B0F9YGHHXG": 1784657603.8286471,
  "B0DKDVB22T": 1784657603.8286486,
  "B0F74D93MT": 1784657603.8286495,
  "B0G33XW2RX": 1784657603.8286502,
  "B0DTHRY1QD": 1784657603.8286512,
  "B0FHK7DST7": 1784657603.8286521,
  "PWBHHF3VXAMHBY7G": 1784657603.8286533,
  "ACCHJVFYMZVWFHGM": 1784657603.8286543,
  "TMRH44DYPB8YF8HG": 1784657603.8286552,
  "TMRHHRKHAU8QWZWY": 1784657603.8286564,
  "TMRHETWXGBVPEBCZ": 1784657603.8286574,
  "TMRHGXCWZTV43GZJ": 1784657603.8286579,
  "TMRHHJ3CJGZCFGBZ": 1784657603.828659,
  "AFRHDYGBPHNK3GZB": 1784657603.82866,
  "AFRHDYGBWHJXAKFX": 1784657603.828661,
  "AFRHF6RSP5SRBRXT": 1784657603.828662,
  "IMMGG4DYT28KAXVH": 1784657603.8286629,
  "MIXGK7N2HEUYPHFV": 1784657603.8286643,
  "AFRHKJK2T7NMNMWA": 1784657603.8286653,
  "EDFGFMSJVHHHVHWQ": 1784657603.8286662,
  "AFRHY56JU42EH3ZT": 1784657603.8286672,
  "EDFGFKS7WGNSJF4M": 1784657603.828668,
  "AFRGSVTBEYVMUPN6": 1784657603.8286688,
  "AFRHCHFGYNJGYAPX": 1784657603.8286698,
  "ajio_467260501001": 1784657603.8286707,
  "ajio_700064559006": 1784657603.8286717,
  "ajio_467012854016": 1784657603.828673,
  "ajio_467295755001": 1784657603.8286738,
  "ajio_462590387019": 1784657603.8286748,
  "ajio_466844634002": 1784657603.8286755,
  "ajio_443605324002": 1784657603.8286767,
  "ajio_466077779001": 1784657603.8286777,
  "ajio_703122037001": 1784657603.8286784,
  "ajio_466970671001": 1784657603.8286793,
  "ajio_469667026002": 1784657603.8286805,
  "ajio_469722188001": 1784657603.8286812,
  "ajio_442715853003": 1784657603.828682,
  "ajio_465116630002": 1784657603.828683,
  "ajio_410457796003": 1784657603.828684,
  "ajio_466961461015": 1784657603.8286848,
  "ajio_442764584006": 1784657603.828686,
  "ajio_469107797017": 1784657603.828687,
  "ajio_467106788007": 1784657603.828688,
  "ajio_703389777001": 1784657603.828689,
  "ajio_460173920005": 1784657603.8286903,
  "ajio_702121507002": 1784657603.828691,
  "ajio_442764570001": 1784657603.8286917,
  "ajio_466996193002": 1784657603.8286924,
  "ajio_467228425001": 1784657603.8286932,
  "ajio_469451979001": 1784657603.8286943,
  "ajio_442950552013": 1784657603.8286948,
  "ajio_441055968056": 1784657603.8286955,
  "ajio_442760813004": 1784657603.8286963,
  "ajio_469829468001": 1784657603.8286967,
  "ajio_442657993001": 1784657603.8286977,
  "ajio_469646805001": 1784657603.8286984,
  "ajio_469250146004": 1784657603.828699,
  "ajio_443064187007": 1784657603.8286998,
  "ajio_450154604002": 1784657603.8287008,
  "ajio_467228421011": 1784657603.8287013,
  "ajio_467170916002": 1784657603.8287027,
  "ajio_700325400003": 1784657603.8287034,
  "ajio_467154559001": 1784657603.8287044,
  "tatacliq_6356501938763029012": 1784657603.8287048,
  "jiomart_groceries": 1784657603.8287053
}