{
  "B0GJDVGS6P": 1784632018.2672732,
  "B0GY486J25": 1784632018.2672749,
  "B08GJ57MKL": 1784632018.2672758,
  "B0DYNS66BT": 1784632018.2672765,
  "B07J4WNXRM": 1784632018.2672775,
  "B0CCV73GJG": 1784632018.2672782,
  "B0F4WVW7D9": 1784632018.2672794,
  "B0H6JLKK7W": 1784632018.26728,
  "B08W8QQLWD": 1784632018.2672808,
  "B0DQD8HWWG": 1784632018.2672818,
  "B0FDQKGB28": 1784632018.2672827,
  "B0G35N4LWW": 1784632018.2672837,
  "B0CQ4TSFPS": 1784632018.2672842,
  "B0FQJ1RFDN": 1784632018.2672853,
  "B0BFM9FP4N": 1784632018.2672858,
  "B0GXBQ54BP": 1784632018.2672865,
  "B0G8JRXC6M": 1784632018.2672873,
  "B0H4RS5XL3": 1784632018.2672877,
  "B0F2MHKCG1": 1784632018.2672882,
  "B0H2DD8Z5T": 1784632018.267289,
  "B0B11LJ69K": 1784632018.2672896,
  "B0C281HZM1": 1784632018.2672904,
  "B0D9WV1TPJ": 1784632018.2672913,
  "B09VC2D2WG": 1784632018.2672923,
  "B0CX5FQPH2": 1784632018.2672927,
  "B0GSFHJTKS": 1784632018.2672932,
  "B0GRVK2K1J": 1784632018.267294,
  "B0FL9LPCZZ": 1784632018.2672944,
  "B08CJJ3Y3Y": 1784632018.267295,
  "B0F9YGHHXG": 1784632018.2672956,
  "B0G52VRVC8": 1784632018.267296,
  "B0GNMPL32L": 1784632018.2672966,
  "B0FP948JMW": 1784632018.2672973,
  "B0G821YMW4": 1784632018.267298,
  "B0DKDVB22T": 1784632018.2672985,
  "B0GZK8YW47": 1784632018.2672992,
  "B0F74D93MT": 1784632018.2672997,
  "B0G33XW2RX": 1784632018.2673001,
  "B0GX9Y5PWZ": 1784632018.2673006,
  "B0FHK7DST7": 1784632018.2673013,
  "B0DTHRY1QD": 1784632018.2673018,
  "B0FD9R3LJY": 1784632018.2673025,
  "PWBHHF3VXAMHBY7G": 1784632018.2673032,
  "ACCHJVFYMZVWFHGM": 1784632018.2673042,
  "WSLHHEKTSWSGEJYX": 1784632018.267305,
  "TMRHHJ3CJGZCFGBZ": 1784632018.2673056,
  "SOIG8ZK9VC7PWRNK": 1784632018.2673063,
  "SOIGYEEVSWSWCHHA": 1784632018.2673068,
  "SOIFZ9MWYUTCZUXR": 1784632018.2673073,
  "AFRHDYGBPHNK3GZB": 1784632018.2673078,
  "AFRHDYGBWHJXAKFX": 1784632018.2673082,
  "AFRHF6RSP5SRBRXT": 1784632018.2673087,
  "AFRHKJK2T7NMNMWA": 1784632018.2673094,
  "EDFGFMSJVHHHVHWQ": 1784632018.26731,
  "AFRHY56JU42EH3ZT": 1784632018.2673104,
  "AFRHCHFGYNJGYAPX": 1784632018.2673109,
  "AFRGSVTBEYVMUPN6": 1784632018.2673113,
  "ajio_467260501001": 1784632018.2673118,
  "ajio_702841897001": 1784632018.2673123,
  "ajio_467012854016": 1784632018.267313,
  "ajio_462590387019": 1784632018.2673135,
  "ajio_469667026002": 1784632018.267314,
  "ajio_469722188001": 1784632018.2673144,
  "ajio_465116630002": 1784632018.267315,
  "ajio_410457796003": 1784632018.2673154,
  "ajio_466961461015": 1784632018.2673159,
  "ajio_469107797017": 1784632018.2673166,
  "ajio_701133974003": 1784632018.267317,
  "ajio_702121507002": 1784632018.2673175,
  "ajio_469816559001": 1784632018.267318,
  "ajio_466996193002": 1784632018.2673187,
  "ajio_467228425001": 1784632018.2673192,
  "ajio_469452020002": 1784632018.26732,
  "ajio_442109984001": 1784632018.2673204,
  "ajio_441055968056": 1784632018.2673209,
  "ajio_467045148002": 1784632018.2673213,
  "ajio_469646805001": 1784632018.2673218,
  "ajio_469250146004": 1784632018.2673223,
  "ajio_467228421011": 1784632018.2673228,
  "ajio_467170916002": 1784632018.2673235,
  "ajio_700325400003": 1784632018.267324,
  "ajio_469118668005": 1784632018.2673244,
  "ajio_467154559001": 1784632018.267325,
  "ajio_467176306003": 1784632018.2673254,
  "ajio_467197354004": 1784632018.2673259,
  "ajio_442306829002": 1784632018.2673264,
  "ajio_410517676001": 1784632018.267328,
  "ajio_441165351010": 1784632018.2673285,
  "ajio_442529872001": 1784632018.267329,
  "ajio_702671640001": 1784632018.2673295,
  "ajio_442531460002": 1784632018.26733,
  "ajio_442406138001": 1784632018.2673306,
  "ajio_467217045001": 1784632018.2673311,
  "ajio_442711589021": 1784632018.2673316,
  "ajio_466699285001": 1784632018.267332,
  "ajio_469105071001": 1784632018.2673326,
  "jiomart_groceries": 1784632018.267333
}