{
  "B0D9WV1TPJ": 1784307699.3740504,
  "B0CWVDN3HZ": 1784307699.3740525,
  "B078K2YPRW": 1784307699.3740537,
  "B0FKTHKDDZ": 1784307699.3740544,
  "B0GRVK2K1J": 1784307699.3740554,
  "B07J4RXHKL": 1784307699.374056,
  "B08CJJ3Y3Y": 1784307699.3740573,
  "B0DQD8HWWG": 1784307699.374058,
  "B09VC2D2WG": 1784307699.374059,
  "B0F9YGHHXG": 1784307699.3740597,
  "B0GKFDM4JZ": 1784307699.3740606,
  "B0GSFHJTKS": 1784307699.3740613,
  "B0DQTBQV3C": 1784307699.3740623,
  "B0G52VRVC8": 1784307699.3740628,
  "B0FL9LPCZZ": 1784307699.374064,
  "B0CQ4TSFPS": 1784307699.374065,
  "B0FP948JMW": 1784307699.3740656,
  "B0GSFLK985": 1784307699.3740666,
  "B0G821YMW4": 1784307699.3740675,
  "B0D2GMQ8FR": 1784307699.3740683,
  "B0CK6G39HN": 1784307699.374069,
  "B0H6K7GXMW": 1784307699.3740697,
  "B084Q92WBH": 1784307699.3740714,
  "B0GX9Y5PWZ": 1784307699.374072,
  "B08R9Y4BLB": 1784307699.3740728,
  "B0G33XW2RX": 1784307699.3740735,
  "B0H4RKFY4V": 1784307699.3740747,
  "B0F74D93MT": 1784307699.3740754,
  "B0DVM1T4NP": 1784307699.3740761,
  "B0GZK8YW47": 1784307699.3740768,
  "B0G35LFL4C": 1784307699.374078,
  "B0DKDVB22T": 1784307699.374079,
  "B08W8QQLWD": 1784307699.3740797,
  "B0H2HW73NJ": 1784307699.3740804,
  "B0H4RNM6SX": 1784307699.3740816,
  "PWBHHF3VXAMHBY7G": 1784307699.3740823,
  "B0D8WC2XY1": 1784307699.374083,
  "B0FD9R3LJY": 1784307699.3740838,
  "B0FHK7DST7": 1784307699.374085,
  "B0D66ZBQ36": 1784307699.3740854,
  "B0C281C231": 1784307699.3740864,
  "B0H3L2RGR9": 1784307699.374087,
  "B0FHW238R2": 1784307699.3740885,
  "B0GXQ48ZDT": 1784307699.3740895,
  "B0FM38MRWL": 1784307699.3740902,
  "B0F43F15YK": 1784307699.374091,
  "B0D9WWB3WX": 1784307699.3740919,
  "WSLHHEKTSWSGEJYX": 1784307699.3740926,
  "B0H44RVFFK": 1784307699.3740933,
  "TMRHGXCWZTV43GZJ": 1784307699.3740942,
  "WSLGBSHUJ34NZEXV": 1784307699.3740952,
  "B0GRVRCTZG": 1784307699.3740964,
  "B0CCV73GJG": 1784307699.374097,
  "TMRHHJ3CJGZCFGBZ": 1784307699.3740978,
  "SOIG8ZK9VC7PWRNK": 1784307699.3740988,
  "B0CSW9C5HG": 1784307699.3740995,
  "AFRHDYGBPHNK3GZB": 1784307699.3741002,
  "B0CVL9BGNG": 1784307699.374101,
  "AFRHDYGBWHJXAKFX": 1784307699.374102,
  "B0DYNS66BT": 1784307699.3741026,
  "AFRHF6RSP5SRBRXT": 1784307699.3741033,
  "B0F4WWCMNK": 1784307699.374104,
  "PUTG4P8NNYHPZR2Y": 1784307699.3741047,
  "B0CZTTPTRL": 1784307699.3741057,
  "ajio_700128535001": 1784307699.3741064,
  "ajio_702254928001": 1784307699.374107,
  "ajio_700256550002": 1784307699.3741076,
  "ajio_467188929001": 1784307699.3741083,
  "AFRHKJK2T7NMNMWA": 1784307699.3741093,
  "ajio_467267277001": 1784307699.3741097,
  "B0FDQMBKVR": 1784307699.3741105,
  "ajio_700143958006": 1784307699.3741114,
  "ajio_467262692001": 1784307699.3741124,
  "ajio_466907858001": 1784307699.374113,
  "ajio_492663474": 1784307699.3741138,
  "EKTGKXERZFHYFUH5": 1784307699.3741145,
  "ajio_410371523001": 1784307699.3741152,
  "ajio_469610797003": 1784307699.3741162,
  "ajio_467281977001": 1784307699.374117,
  "ajio_467174022003": 1784307699.3741176,
  "ajio_600645984": 1784307699.3741183,
  "ajio_600645997": 1784307699.3741195,
  "EDFGFMSJVHHHVHWQ": 1784307699.3741202,
  "ajio_467227483001": 1784307699.374121,
  "ajio_469625182003": 1784307699.3741217,
  "ajio_410522796002": 1784307699.3741221,
  "ajio_467308740002": 1784307699.374124,
  "ajio_467011005001": 1784307699.3741245,
  "ajio_467062883002": 1784307699.3741252,
  "ajio_410455706001": 1784307699.3741257,
  "ajio_465182161005": 1784307699.3741264,
  "jiomart_groceries": 1784307699.374127
}