{
  "B0F1955GH4": 1784234671.8273044,
  "B0DHPGT29X": 1784234671.8273063,
  "B0H2DD8Z5T": 1784234671.827307,
  "B0DXQHMCWM": 1784234671.8273075,
  "PWBHHF3NY8UHSDSW": 1784234671.8273082,
  "B0FF7P18K3": 1784234671.8273094,
  "ACCHJVFYMZVWFHGM": 1784234671.8273098,
  "B0DQD8HWWG": 1784234671.8273106,
  "B0DX7BJ6WH": 1784234671.8273113,
  "B0G2B39Q4H": 1784234671.8273118,
  "SHOGSZ9CJCG7MHYD": 1784234671.8273125,
  "B08Q8DRWVQ": 1784234671.8273134,
  "B089W91GV7": 1784234671.827314,
  "WSLGYKZGEHFXXBB2": 1784234671.8273146,
  "TMRHHRKHAU8QWZWY": 1784234671.8273156,
  "B0FJ7QX6NQ": 1784234671.827316,
  "WSLGBSHUJ34NZEXV": 1784234671.8273168,
  "SOIG8ZK9VC7PWRNK": 1784234671.8273172,
  "SOIFZ9MWYUTCZUXR": 1784234671.827318,
  "B0C281C231": 1784234671.8273184,
  "B0CQ4TSFPS": 1784234671.8273191,
  "B0CPVSKLK1": 1784234671.8273196,
  "AFRHDYGBPHNK3GZB": 1784234671.8273206,
  "AFRHDYGBWHJXAKFX": 1784234671.827321,
  "AFRHKJK2T7NMNMWA": 1784234671.8273213,
  "EDFGFMSJVHHHVHWQ": 1784234671.8273218,
  "B0D2DWPMKM": 1784234671.8273225,
  "AFRHD63QYXSTJBGT": 1784234671.8273227,
  "PUTG4P8NNYHPZR2Y": 1784234671.8273232,
  "IMMGG4DYT28KAXVH": 1784234671.8273237,
  "ajio_443114848001": 1784234671.8273242,
  "AFRGSVTBEYVMUPN6": 1784234671.8273244,
  "ajio_703393567005": 1784234671.8273249,
  "ajio_702372916003": 1784234671.8273253,
  "B0FCSL89SJ": 1784234671.827326,
  "ajio_703610978004": 1784234671.8273263,
  "ajio_702072030002": 1784234671.8273268,
  "ajio_410395206001": 1784234671.8273273,
  "ajio_703572762001": 1784234671.8273277,
  "ajio_702406104001": 1784234671.8273282,
  "ajio_700883473001": 1784234671.8273287,
  "B0GH1S4B3R": 1784234671.8273294,
  "ajio_469758611004": 1784234671.8273296,
  "ajio_469758318003": 1784234671.8273306,
  "ajio_442404144008": 1784234671.827331,
  "ajio_469624444003": 1784234671.8273315,
  "ajio_700817980002": 1784234671.827332,
  "B0DC6X6FPB": 1784234671.8273323,
  "ajio_465920087001": 1784234671.827333,
  "ajio_410475722001": 1784234671.8273335,
  "ajio_700143958006": 1784234671.8273342,
  "ajio_469736771001": 1784234671.8273346,
  "ajio_701165517001": 1784234671.827335,
  "ajio_442192671008": 1784234671.8273356,
  "B0FMRH6X8Y": 1784234671.827336,
  "ajio_410354231011": 1784234671.8273365,
  "ajio_442403154001": 1784234671.827337,
  "B0DN61YDMH": 1784234671.8273375,
  "B0GYSNL7KS": 1784234671.827338,
  "B0H4RCMFRT": 1784234671.8273385,
  "B0GPQV8L6D": 1784234671.827339,
  "B0CKBND48X": 1784234671.8273394,
  "jiomart_groceries": 1784234671.8273401
}