{
  "B00JD8EA1U": 1784266776.4213023,
  "B0FMRH6X8Y": 1784266776.4213035,
  "B0CSW9C5HG": 1784266776.4213042,
  "B0FR9LH4WQ": 1784266776.421305,
  "B0DW8DX2M9": 1784266776.4213054,
  "B0GXQ48ZDT": 1784266776.4213061,
  "B0CV7J49TQ": 1784266776.4213068,
  "B0DYNS66BT": 1784266776.4213073,
  "SHOGSZ9CJCG7MHYD": 1784266776.4213083,
  "B08W8QQLWD": 1784266776.421309,
  "B0FM3R73VW": 1784266776.4213095,
  "B0CKBND48X": 1784266776.4213102,
  "TMRGQ7BVZ2FHVBAY": 1784266776.4213107,
  "B0FF7P18K3": 1784266776.4213111,
  "TMRHGXCWZTV43GZJ": 1784266776.4213119,
  "B0D8QFDC67": 1784266776.4213123,
  "WSLGBSHUJ34NZEXV": 1784266776.4213128,
  "B0DP9Y9L7T": 1784266776.4213133,
  "TMRHHJ3CJGZCFGBZ": 1784266776.421314,
  "B0C7R3712Z": 1784266776.4213145,
  "SOIG8ZK9VC7PWRNK": 1784266776.421315,
  "SOIGYEEVSWSWCHHA": 1784266776.421316,
  "B0GPDL4X5D": 1784266776.421317,
  "AFRHDYGBWHJXAKFX": 1784266776.4213176,
  "SOIFZ9MWYUTCZUXR": 1784266776.421318,
  "B0G2B39Q4H": 1784266776.4213188,
  "AFRHDYGBPHNK3GZB": 1784266776.4213192,
  "B0F4Y17ZVD": 1784266776.4213197,
  "EDFGFMSJVHHHVHWQ": 1784266776.4213202,
  "B0H2DTK4GK": 1784266776.4213207,
  "AFRHKJK2T7NMNMWA": 1784266776.4213212,
  "B0C74Q2JKV": 1784266776.4213216,
  "PUTG4P8NNYHPZR2Y": 1784266776.4213223,
  "ajio_464815792001": 1784266776.4213228,
  "ajio_700128535001": 1784266776.4213233,
  "B09VGNLG6Z": 1784266776.4213238,
  "AFRHYFRBRRQCM6QG": 1784266776.4213247,
  "ajio_702254928001": 1784266776.4213252,
  "ajio_700256550002": 1784266776.4213257,
  "ajio_442404144008": 1784266776.4213262,
  "ajio_467188929001": 1784266776.4213269,
  "ajio_467267277001": 1784266776.4213274,
  "B0H4RS5XL3": 1784266776.4213278,
  "ajio_700143958006": 1784266776.4213288,
  "AFRGSVTBEYVMUPN6": 1784266776.4213295,
  "ajio_467262692001": 1784266776.42133,
  "ajio_466907858001": 1784266776.4213305,
  "ajio_600642142": 1784266776.421331,
  "ajio_492663474": 1784266776.4213312,
  "ajio_410371523001": 1784266776.4213316,
  "ajio_469610797003": 1784266776.4213321,
  "ajio_467281977001": 1784266776.421333,
  "ajio_467174022003": 1784266776.4213336,
  "ajio_600645984": 1784266776.421334,
  "ajio_600678272": 1784266776.4213345,
  "ajio_600645997": 1784266776.421335,
  "ajio_467227483001": 1784266776.4213352,
  "ajio_469625182003": 1784266776.4213362,
  "ajio_410522796002": 1784266776.4213367,
  "ajio_469627784001": 1784266776.4213371,
  "ajio_469010551003": 1784266776.4213374,
  "ajio_467308740002": 1784266776.4213378,
  "ajio_467011005001": 1784266776.4213383,
  "ajio_467062883002": 1784266776.4213388,
  "ajio_410455706001": 1784266776.421339,
  "ajio_465182161005": 1784266776.4213398,
  "ajio_410475337003": 1784266776.4213402,
  "ajio_442031726002": 1784266776.4213407,
  "ajio_466086101001": 1784266776.4213412,
  "jiomart_groceries": 1784266776.4213417
}