{
  "B0GJDVGS6P": 1784724441.3670626,
  "B0D8G9J1P5": 1784724441.3670645,
  "B0F4WVW7D9": 1784724441.3670654,
  "B0DBGP48NW": 1784724441.3670661,
  "B08W8QQLWD": 1784724441.3670669,
  "B0H2DRD536": 1784724441.3670673,
  "B0H2DD8Z5T": 1784724441.367068,
  "B0FC67W4SL": 1784724441.3670688,
  "B0FDQMBKVR": 1784724441.3670692,
  "B0H6JLKK7W": 1784724441.36707,
  "B0GZ4HKW5G": 1784724441.3670707,
  "B0DQD8HWWG": 1784724441.3670716,
  "B0FCXRWLWP": 1784724441.3670726,
  "B0DYNS66BT": 1784724441.367073,
  "B0H2HMRM49": 1784724441.3670738,
  "B0B11LJ69K": 1784724441.3670745,
  "B0GXQ48ZDT": 1784724441.367075,
  "B0F4Y17ZVD": 1784724441.3670757,
  "B0G59XSPZK": 1784724441.3670762,
  "B08Q8DJRP1": 1784724441.3670766,
  "B07DLCZT11": 1784724441.3670774,
  "B0CQPBKLGZ": 1784724441.3670778,
  "B0DQ4X4L4D": 1784724441.367079,
  "B07G75YX15": 1784724441.3670797,
  "B0CLS5M5Z9": 1784724441.3670807,
  "B0GWFDFKTQ": 1784724441.3670814,
  "B0CFYQKHJN": 1784724441.3670824,
  "B0BWS3PSR2": 1784724441.3670828,
  "B0FH2C2H1M": 1784724441.3670833,
  "B00YPBQMGG": 1784724441.367084,
  "B0CZ9LXQM2": 1784724441.3670845,
  "B0CZ9L43RM": 1784724441.367085,
  "B0BRQGL35H": 1784724441.3670855,
  "B0CZ9MDSWX": 1784724441.3670862,
  "B0C6TPPNS5": 1784724441.3670871,
  "B075JKL9FT": 1784724441.3670876,
  "B0D9WV1TPJ": 1784724441.367088,
  "B07PM6134P": 1784724441.3670886,
  "B09VC2D2WG": 1784724441.367089,
  "B0FHW59Z3Q": 1784724441.3670897,
  "B0GRVK2K1J": 1784724441.3670902,
  "PWBHHF3VXAMHBY7G": 1784724441.3670907,
  "ACCHJVFYMZVWFHGM": 1784724441.3670912,
  "AFRHDYGBWHJXAKFX": 1784724441.367092,
  "AFRHDYGBPHNK3GZB": 1784724441.3670924,
  "MIXGK7N2HEUYPHFV": 1784724441.367093,
  "IMMGG4DYT28KAXVH": 1784724441.3670936,
  "WMNHB8XYTAGYSW5Q": 1784724441.3670938,
  "AFRHF6RSP5SRBRXT": 1784724441.3670945,
  "AFRHKJK2T7NMNMWA": 1784724441.367095,
  "EDFGFMSJVHHHVHWQ": 1784724441.3670955,
  "ajio_700789608001": 1784724441.367096,
  "ajio_469647479001": 1784724441.367097,
  "ajio_467260501001": 1784724441.3670974,
  "ajio_443063712010": 1784724441.3670979,
  "ajio_700064559006": 1784724441.3670983,
  "ajio_467012854016": 1784724441.3670988,
  "ajio_441629712003": 1784724441.3670993,
  "ajio_462590387019": 1784724441.3671,
  "ajio_492493531": 1784724441.3671005,
  "ajio_469817358001": 1784724441.367101,
  "ajio_467106846007": 1784724441.3671014,
  "ajio_469667026002": 1784724441.367102,
  "ajio_491001270": 1784724441.3671026,
  "ajio_450144502019": 1784724441.3671033,
  "ajio_469722188001": 1784724441.3671038,
  "ajio_469816561001": 1784724441.3671043,
  "ajio_460796346025": 1784724441.3671045,
  "ajio_410457796003": 1784724441.367105,
  "ajio_700613550001": 1784724441.3671055,
  "ajio_466961461015": 1784724441.367106,
  "ajio_469107797017": 1784724441.3671067,
  "ajio_702121507002": 1784724441.3671072,
  "ajio_443603028001": 1784724441.3671076,
  "ajio_467228425001": 1784724441.367108,
  "ajio_490966836": 1784724441.3671083,
  "ajio_702975557010": 1784724441.3671088,
  "ajio_443603076013": 1784724441.3671093,
  "ajio_469451979001": 1784724441.3671098,
  "ajio_441055968056": 1784724441.3671107,
  "ajio_442711845009": 1784724441.367111,
  "ajio_469646805001": 1784724441.3671114,
  "ajio_469250146004": 1784724441.367112,
  "ajio_467228421011": 1784724441.3671124,
  "ajio_467170916002": 1784724441.3671129,
  "ajio_700325400003": 1784724441.3671136,
  "tatacliq_5942560556462436501": 1784724441.3671148,
  "jiomart_groceries": 1784724441.3671153
}