{
  "B0GXKC3ZXH": 1784392909.262452,
  "B08W8QQLWD": 1784392909.2624543,
  "B0D8G9J1P5": 1784392909.262455,
  "B07DLCZT11": 1784392909.2624564,
  "B0H2DZPNWT": 1784392909.2624576,
  "B0GX5BF141": 1784392909.2624583,
  "B0FHW238R2": 1784392909.2624593,
  "B0CN1FZLRW": 1784392909.2624605,
  "B0DYF4626Q": 1784392909.2624612,
  "B0G35KSRD7": 1784392909.2624621,
  "B099S84Y9C": 1784392909.262463,
  "B0D66Z1W4M": 1784392909.262464,
  "B0H1MT9DHS": 1784392909.2624648,
  "B0DQD8HWWG": 1784392909.2624657,
  "B0H5MMJB4H": 1784392909.262467,
  "B0F2TGKKXY": 1784392909.2624674,
  "B00RACBDRK": 1784392909.262468,
  "B0CWVDN3HZ": 1784392909.262469,
  "B0CQ4TSFPS": 1784392909.26247,
  "B0DSJ9FQLD": 1784392909.2624707,
  "B0CKBND48X": 1784392909.2624714,
  "B0FDQLKGBW": 1784392909.2624722,
  "B0GWVVV8CH": 1784392909.262473,
  "B0B6BLTGTT": 1784392909.2624738,
  "B0FPD14Z3G": 1784392909.2624745,
  "B0F3GYMWG5": 1784392909.262475,
  "B0D7QDV2CQ": 1784392909.2624757,
  "B0F9YGHHXG": 1784392909.2624762,
  "B0G52VRVC8": 1784392909.2624767,
  "B0FP948JMW": 1784392909.2624776,
  "B0G821YMW4": 1784392909.2624784,
  "B0G33XW2RX": 1784392909.2624788,
  "B0H6K7GXMW": 1784392909.2624793,
  "B0F74D93MT": 1784392909.2624798,
  "B0GZK8YW47": 1784392909.2624805,
  "B0DKDVB22T": 1784392909.262481,
  "B0GX9Y5PWZ": 1784392909.262482,
  "B0FHK7DST7": 1784392909.2624824,
  "B0FD9R3LJY": 1784392909.2624831,
  "B0H2HW73NJ": 1784392909.262484,
  "ACCHJVFYMZVWFHGM": 1784392909.2624846,
  "SHOHFZFVJCFVYTDS": 1784392909.2624853,
  "TMRGQ7BVZ2FHVBAY": 1784392909.262486,
  "TMRHGXCWZTV43GZJ": 1784392909.262487,
  "TMRHHJ3CJGZCFGBZ": 1784392909.2624876,
  "AFRHDYGBPHNK3GZB": 1784392909.2624881,
  "WMNH2E8JYQCQTHRK": 1784392909.2624886,
  "AFRHF6RSP5SRBRXT": 1784392909.2624893,
  "AFRHDYGBWHJXAKFX": 1784392909.2624898,
  "IMMGG4DYT28KAXVH": 1784392909.2624903,
  "AFRHKJK2T7NMNMWA": 1784392909.262491,
  "EDFGFMSJVHHHVHWQ": 1784392909.2624915,
  "AFRHYFRBRRQCM6QG": 1784392909.262492,
  "AFRHY56JU42EH3ZT": 1784392909.2624924,
  "ajio_702254928001": 1784392909.262493,
  "ajio_467188929001": 1784392909.2624931,
  "ajio_467267277001": 1784392909.2624936,
  "ajio_467262692001": 1784392909.2624943,
  "ajio_442404145002": 1784392909.2624948,
  "ajio_701592202004": 1784392909.2624953,
  "ajio_410371523001": 1784392909.2624958,
  "ajio_469610797003": 1784392909.2624962,
  "ajio_467281977001": 1784392909.2624967,
  "ajio_467174022003": 1784392909.2624972,
  "ajio_600645984": 1784392909.262498,
  "ajio_600645997": 1784392909.2624984,
  "ajio_467227483001": 1784392909.2624989,
  "ajio_469625182003": 1784392909.2624993,
  "ajio_410522796002": 1784392909.2624998,
  "ajio_467011005001": 1784392909.2625003,
  "ajio_410455706001": 1784392909.2625005,
  "jiomart_groceries": 1784392909.262501
}