{
  "B0GQGQ1NPH": 1784738269.3731148,
  "B0D8G9J1P5": 1784738269.3731163,
  "B0DBGP48NW": 1784738269.373117,
  "B0H4RWC9H2": 1784738269.3731174,
  "B08W8QQLWD": 1784738269.373118,
  "B0H4H59Q78": 1784738269.3731184,
  "B0H2DD8Z5T": 1784738269.373119,
  "B0F4Y17ZVD": 1784738269.3731198,
  "B0H6JLKK7W": 1784738269.3731203,
  "B07DLCZT11": 1784738269.373121,
  "B0FDQMBKVR": 1784738269.3731215,
  "B0DQD8HWWG": 1784738269.3731222,
  "B0GXQ48ZDT": 1784738269.3731232,
  "B0DYNS66BT": 1784738269.3731234,
  "B0BCQ46MDP": 1784738269.373124,
  "B0GJDVGS6P": 1784738269.3731244,
  "B0F3GYMWG5": 1784738269.3731248,
  "B0F4WVW7D9": 1784738269.3731253,
  "B0FM3R73VW": 1784738269.3731258,
  "B0DN162F92": 1784738269.3731265,
  "B0FQJ1RFDN": 1784738269.3731267,
  "B0FLKBGGN7": 1784738269.3731275,
  "B0CQPBKLGZ": 1784738269.3731282,
  "B0DQ4X4L4D": 1784738269.3731287,
  "B07G75YX15": 1784738269.3731291,
  "B0GWFDFKTQ": 1784738269.3731298,
  "B0CLS5M5Z9": 1784738269.3731303,
  "B0CFYQKHJN": 1784738269.3731308,
  "B0BWS3PSR2": 1784738269.3731313,
  "B0FH2C2H1M": 1784738269.3731318,
  "B00YPBQMGG": 1784738269.3731322,
  "B0CZ9LXQM2": 1784738269.3731327,
  "B0CZ9L43RM": 1784738269.3731334,
  "B0C6TPPNS5": 1784738269.373134,
  "B0BRQGL35H": 1784738269.3731344,
  "B0CZ9MDSWX": 1784738269.3731349,
  "B075JKL9FT": 1784738269.3731353,
  "AFRHDYGBWHJXAKFX": 1784738269.3731358,
  "AFRHDYGBPHNK3GZB": 1784738269.3731363,
  "AFRHF6RSP5SRBRXT": 1784738269.373137,
  "MIXGK7N2HEUYPHFV": 1784738269.3731375,
  "AFRHKJK2T7NMNMWA": 1784738269.373138,
  "EDFGFMSJVHHHVHWQ": 1784738269.3731384,
  "AFRHY56JU42EH3ZT": 1784738269.3731391,
  "ajio_700789608001": 1784738269.3731396,
  "ajio_467260501001": 1784738269.3731403,
  "ajio_700064559006": 1784738269.3731408,
  "ajio_410540450001": 1784738269.373141,
  "ajio_467012854016": 1784738269.3731415,
  "ajio_462590387019": 1784738269.373142,
  "ajio_466844634002": 1784738269.3731425,
  "ajio_492493531": 1784738269.373143,
  "ajio_466077779001": 1784738269.3731434,
  "ajio_469817358001": 1784738269.373144,
  "ajio_703122037001": 1784738269.3731444,
  "ajio_469667026002": 1784738269.3731449,
  "ajio_491001270": 1784738269.3731453,
  "ajio_469812812002": 1784738269.3731458,
  "ajio_450144502019": 1784738269.3731463,
  "ajio_469722188001": 1784738269.3731468,
  "ajio_467223594001": 1784738269.3731472,
  "ajio_410457796003": 1784738269.3731477,
  "ajio_491939140": 1784738269.3731482,
  "ajio_469600333001": 1784738269.3731487,
  "ajio_467220503002": 1784738269.3731492,
  "ajio_466961461015": 1784738269.3731496,
  "ajio_469107797017": 1784738269.37315,
  "ajio_703389777001": 1784738269.3731508,
  "ajio_702121507002": 1784738269.3731513,
  "ajio_466996193002": 1784738269.3731515,
  "ajio_467228425001": 1784738269.373152,
  "ajio_490966836": 1784738269.3731525,
  "ajio_702975557010": 1784738269.373153,
  "ajio_469451979001": 1784738269.3731534,
  "ajio_441055968056": 1784738269.3731542,
  "ajio_442657993001": 1784738269.3731546,
  "ajio_469646805001": 1784738269.3731549,
  "ajio_469250146004": 1784738269.3731554,
  "ajio_467228421011": 1784738269.3731558,
  "ajio_467170916002": 1784738269.3731563,
  "ajio_700325400003": 1784738269.3731568,
  "ajio_442939549004": 1784738269.373157,
  "tatacliq_6054421085702833379": 1784738269.3731577,
  "jiomart_groceries": 1784738269.3731582
}