{
  "B0FKTHKDDZ": 1784303640.8076124,
  "B0DP7HF2YP": 1784303640.8076138,
  "B0GXK5K633": 1784303640.8076146,
  "B0F9YGHHXG": 1784303640.807615,
  "B0DJZMKHRX": 1784303640.8076155,
  "B0G52VRVC8": 1784303640.807616,
  "B0CCV73GJG": 1784303640.8076167,
  "B0FP948JMW": 1784303640.8076172,
  "PWBHHF3NY8UHSDSW": 1784303640.807618,
  "B0H2DT5D38": 1784303640.8076184,
  "B0G821YMW4": 1784303640.8076189,
  "ACCHJVFYMZVWFHGM": 1784303640.8076196,
  "B0DQTBQV3C": 1784303640.8076198,
  "B0H6K7GXMW": 1784303640.8076203,
  "B0DVJ14Z9B": 1784303640.8076208,
  "B0GX9Y5PWZ": 1784303640.8076215,
  "B0GJDVGS6P": 1784303640.807622,
  "B0G33XW2RX": 1784303640.8076224,
  "B0F2J6QCJB": 1784303640.807623,
  "B0F74D93MT": 1784303640.8076234,
  "B0FHW238R2": 1784303640.8076239,
  "B0GZK8YW47": 1784303640.807624,
  "B0F4WWCMNK": 1784303640.8076253,
  "B0DKDVB22T": 1784303640.8076258,
  "B0H4RYT86N": 1784303640.8076262,
  "B0H2HW73NJ": 1784303640.8076267,
  "B0DQD8HWWG": 1784303640.8076272,
  "SHOHFZFVJCFVYTDS": 1784303640.8076277,
  "B0FD9R3LJY": 1784303640.807628,
  "B0CWVDN3HZ": 1784303640.8076286,
  "B0H5R6C68N": 1784303640.807629,
  "B0CSW9C5HG": 1784303640.8076296,
  "B0G35NCQKQ": 1784303640.80763,
  "B0CQ4TSFPS": 1784303640.8076305,
  "B0FM38MRWL": 1784303640.807631,
  "WSLHHEKTSWSGEJYX": 1784303640.8076317,
  "B0D8WC2XY1": 1784303640.807632,
  "TMRHGXCWZTV43GZJ": 1784303640.8076324,
  "B0H4RKFY4V": 1784303640.807633,
  "WMNH2E8JYQCQTHRK": 1784303640.8076334,
  "TMRHHJ3CJGZCFGBZ": 1784303640.8076339,
  "B0FDQKGB28": 1784303640.8076344,
  "AFRHF6RSP5SRBRXT": 1784303640.8076348,
  "SOIGYEEVSWSWCHHA": 1784303640.8076358,
  "B0GXQ48ZDT": 1784303640.8076363,
  "AFRHDYGBWHJXAKFX": 1784303640.8076367,
  "B0H4HFHXSN": 1784303640.8076372,
  "AFRHDYGBPHNK3GZB": 1784303640.8076375,
  "B0D9WTRWSS": 1784303640.807638,
  "AFRHKJK2T7NMNMWA": 1784303640.8076386,
  "B0C281HZM1": 1784303640.8076391,
  "EDFGHZF6YKHMBNHY": 1784303640.8076396,
  "ajio_700128535001": 1784303640.80764,
  "ajio_702254928001": 1784303640.8076406,
  "B0FM3R73VW": 1784303640.8076408,
  "ajio_700256550002": 1784303640.8076413,
  "PUTG4P8NNYHPZR2Y": 1784303640.8076417,
  "ajio_442404144008": 1784303640.8076425,
  "ajio_467188929001": 1784303640.807643,
  "ajio_467267277001": 1784303640.8076434,
  "ajio_700143958006": 1784303640.8076437,
  "ajio_467262692001": 1784303640.8076441,
  "B0C7Q9LTQD": 1784303640.8076446,
  "ajio_466907858001": 1784303640.807645,
  "EDFGFMSJVHHHVHWQ": 1784303640.8076458,
  "ajio_492663474": 1784303640.807646,
  "ajio_410371523001": 1784303640.8076465,
  "ajio_469610797003": 1784303640.807647,
  "ajio_467281977001": 1784303640.8076475,
  "ajio_467174022003": 1784303640.807648,
  "B0D66Z1W4M": 1784303640.8076484,
  "ajio_600645984": 1784303640.8076491,
  "ajio_600645997": 1784303640.8076494,
  "ajio_467227483001": 1784303640.8076499,
  "ajio_469625182003": 1784303640.8076503,
  "ajio_410522796002": 1784303640.8076508,
  "ajio_467308740002": 1784303640.8076513,
  "B0C3XL5Y64": 1784303640.8076515,
  "ajio_467011005001": 1784303640.807652,
  "ajio_467062883002": 1784303640.8076527,
  "ajio_410455706001": 1784303640.8076532,
  "ajio_465182161005": 1784303640.8076537,
  "ajio_410475337003": 1784303640.807654,
  "B0GHFLHJBB": 1784303640.8076544,
  "B0H44VW2WP": 1784303640.8076549,
  "B0BHPBZSY8": 1784303640.8076553,
  "jiomart_groceries": 1784303640.8076568
}