{
  "B0CQ4TSFPS": 1784274487.2521727,
  "B0CWVDN3HZ": 1784274487.2521741,
  "B084Q92WBH": 1784274487.2521749,
  "B0D9WV1TPJ": 1784274487.2521753,
  "B0FMRH6X8Y": 1784274487.2521758,
  "B0CX5FQPH2": 1784274487.2521763,
  "B0D7QHDZZG": 1784274487.252177,
  "B078K2YPRW": 1784274487.2521775,
  "B0H2DRD22Y": 1784274487.252178,
  "B0GRVK2K1J": 1784274487.2521784,
  "B0CVF9YPPD": 1784274487.252179,
  "B0GSFHJTKS": 1784274487.2521796,
  "B0H2DD8Z5T": 1784274487.2521803,
  "B08CJJ3Y3Y": 1784274487.2521808,
  "B0H5R6C68N": 1784274487.2521813,
  "B0FL9LPCZZ": 1784274487.2521818,
  "B08GJ57MKL": 1784274487.2521825,
  "B09VC2D2WG": 1784274487.252183,
  "B0CCV73GJG": 1784274487.2521832,
  "B0GSFLK985": 1784274487.252184,
  "B0DQD8HWWG": 1784274487.2521844,
  "B0D66ZBQ36": 1784274487.2521849,
  "B0DX7B854F": 1784274487.2521858,
  "B0C281HZM1": 1784274487.2521863,
  "B0D8WC2XY1": 1784274487.2521868,
  "B0FHW238R2": 1784274487.2521875,
  "B0F3GYMWG5": 1784274487.252188,
  "B0FDQKGB28": 1784274487.2521884,
  "B0G2B39Q4H": 1784274487.2521887,
  "B00RAEYI98": 1784274487.2521892,
  "B0F3XM8M3G": 1784274487.2521896,
  "B0H4RS5XL3": 1784274487.25219,
  "B0GXQ48ZDT": 1784274487.2521908,
  "B0DW8DX2M9": 1784274487.2521913,
  "B0F4Y17ZVD": 1784274487.2521923,
  "B0GRVHCLJ6": 1784274487.2521927,
  "B0DHPGT29X": 1784274487.2521932,
  "B0FQJ1RFDN": 1784274487.2521937,
  "B0CVSC6V4Z": 1784274487.2521944,
  "B0GPCX82G8": 1784274487.252195,
  "ajio_464815792001": 1784274487.2521956,
  "ajio_700128535001": 1784274487.252196,
  "ajio_702254928001": 1784274487.2521966,
  "ajio_700256550002": 1784274487.2521977,
  "ajio_442404144008": 1784274487.2521982,
  "ajio_467188929001": 1784274487.2521987,
  "ajio_467267277001": 1784274487.2521992,
  "ajio_700143958006": 1784274487.2521996,
  "ajio_467262692001": 1784274487.2522001,
  "ajio_466907858001": 1784274487.2522006,
  "ajio_492663474": 1784274487.2522013,
  "ajio_410371523001": 1784274487.2522018,
  "ajio_469610797003": 1784274487.2522023,
  "ajio_467281977001": 1784274487.2522027,
  "ajio_467174022003": 1784274487.2522032,
  "ajio_600645984": 1784274487.2522037,
  "ajio_600645997": 1784274487.2522042,
  "ajio_467227483001": 1784274487.252205,
  "ajio_469625182003": 1784274487.2522054,
  "ajio_410522796002": 1784274487.2522058,
  "ajio_467308740002": 1784274487.2522063,
  "ajio_467011005001": 1784274487.2522068,
  "ajio_467062883002": 1784274487.2522073,
  "ajio_410455706001": 1784274487.2522078,
  "ajio_465182161005": 1784274487.2522085,
  "ajio_410475337003": 1784274487.252209,
  "ajio_442031726002": 1784274487.2522094,
  "WSLHHEKTSWSGEJYX": 1784274487.25221,
  "TMRHGXCWZTV43GZJ": 1784274487.2522101,
  "AFRHDYGBPHNK3GZB": 1784274487.2522106,
  "TMRHHJ3CJGZCFGBZ": 1784274487.252211,
  "AFRHDYGBWHJXAKFX": 1784274487.2522118,
  "IMMGG4DYT28KAXVH": 1784274487.2522123,
  "AFRHKJK2T7NMNMWA": 1784274487.2522128,
  "EDFGFMSJVHHHVHWQ": 1784274487.2522132,
  "AFRHYFRBRRQCM6QG": 1784274487.2522137,
  "AFRHY56JU42EH3ZT": 1784274487.2522142,
  "AFRGSVTBEYVMUPN6": 1784274487.2522147,
  "jiomart_groceries": 1784274487.2522154
}