{
  "B0F2MHKCG1": 1784396819.872065,
  "B0GWQ3NDLK": 1784396819.872066,
  "B0CVSC6V4Z": 1784396819.8720672,
  "B0DYF4626Q": 1784396819.8720682,
  "B0CWVDN3HZ": 1784396819.8720691,
  "B0FQJ1RFDN": 1784396819.87207,
  "B0FFTFYGLV": 1784396819.8720713,
  "B0GXQ48ZDT": 1784396819.8720722,
  "B0D66Z1W4M": 1784396819.872073,
  "B0DQD8HWWG": 1784396819.8720741,
  "B0CVF9YPPD": 1784396819.872075,
  "B0D6GK2871": 1784396819.872076,
  "B0CQ4TSFPS": 1784396819.8720767,
  "B0H2DD8Z5T": 1784396819.872078,
  "B0CKBND48X": 1784396819.8720787,
  "B0CSW9C5HG": 1784396819.8720794,
  "B0H4V3SWJR": 1784396819.8720803,
  "B0CN1G9B6P": 1784396819.8720808,
  "B0DP7GM121": 1784396819.872082,
  "B0H4RLJT11": 1784396819.8720825,
  "B00RACAUJM": 1784396819.8720832,
  "B0BJ72WZQ7": 1784396819.872084,
  "B0FDQKGB28": 1784396819.872085,
  "B0B6BLTGTT": 1784396819.8720858,
  "B0CCV73GJG": 1784396819.8720863,
  "B0FM38MRWL": 1784396819.8720868,
  "B0H3L2RGR9": 1784396819.8720872,
  "B0FPD14Z3G": 1784396819.872088,
  "B09RB6LKTN": 1784396819.8720887,
  "B0DQ4X4L4D": 1784396819.8720891,
  "B0F8Q5GVPK": 1784396819.8720899,
  "B083TJBKCQ": 1784396819.8720906,
  "B0GWFDFKTQ": 1784396819.8720913,
  "B0CXPYYQS3": 1784396819.872092,
  "B0CKK57LBY": 1784396819.8720927,
  "B0BWS3PSR2": 1784396819.8720932,
  "B0CFYQKHJN": 1784396819.8720937,
  "B00YPBQMGG": 1784396819.8720942,
  "B0CS3KQWMM": 1784396819.8720949,
  "B0CZ9JT9J3": 1784396819.8720956,
  "B0BRQGL35H": 1784396819.872096,
  "B0CZ9L43RM": 1784396819.8720968,
  "B079P73971": 1784396819.8720975,
  "B0GS1F1548": 1784396819.8720984,
  "B0CX4SSG9Z": 1784396819.8720994,
  "B0D8QJ7VQ4": 1784396819.8720999,
  "B0C6TPPNS5": 1784396819.8721006,
  "B0CZDW5JYY": 1784396819.872101,
  "B07Y2Z7DLW": 1784396819.8721015,
  "B0CVX8CM7V": 1784396819.8721023,
  "ACCHJVFYMZVWFHGM": 1784396819.8721027,
  "SHOHFZFVJCFVYTDS": 1784396819.872103,
  "DIAHGZRABZNPZSAA": 1784396819.8721037,
  "DIAHGZR9AZKE2GBV": 1784396819.8721044,
  "SHOHNBMZNFAN9JCH": 1784396819.8721046,
  "ajio_702254928001": 1784396819.8721051,
  "ajio_467188929001": 1784396819.8721058,
  "ajio_467267277001": 1784396819.8721063,
  "ajio_467262692001": 1784396819.8721068,
  "ajio_442404145002": 1784396819.8721073,
  "ajio_701592202004": 1784396819.8721077,
  "ajio_410371523001": 1784396819.8721082,
  "ajio_469610797003": 1784396819.8721087,
  "ajio_467281977001": 1784396819.8721094,
  "ajio_467174022003": 1784396819.87211,
  "ajio_600645984": 1784396819.8721104,
  "ajio_600645997": 1784396819.8721108,
  "ajio_467227483001": 1784396819.8721113,
  "ajio_469625182003": 1784396819.8721118,
  "ajio_410522796002": 1784396819.8721123,
  "ajio_467011005001": 1784396819.872113,
  "jiomart_groceries": 1784396819.8721135
}