{
  "B0DBGP48NW": 1784389551.695572,
  "B0GXKC3ZXH": 1784389551.6955733,
  "B08W8QQLWD": 1784389551.695574,
  "B0D8G9J1P5": 1784389551.6955745,
  "B0GX5BF141": 1784389551.6955752,
  "B07J4WNTKC": 1784389551.6955757,
  "B0FQJ1RFDN": 1784389551.6955764,
  "B0CN1FZLRW": 1784389551.695577,
  "B0DP7GM121": 1784389551.6955774,
  "B0FHW238R2": 1784389551.6955779,
  "B0D66Z1W4M": 1784389551.6955783,
  "B07DLCZT11": 1784389551.695579,
  "B0H5MMJB4H": 1784389551.6955795,
  "B0C281C231": 1784389551.6955802,
  "B0FDQLKGBW": 1784389551.6955807,
  "B084Q7WFLZ": 1784389551.6955812,
  "B0CWVDN3HZ": 1784389551.6955817,
  "B0DQD8HWWG": 1784389551.6955822,
  "B0G35KSRD7": 1784389551.6955826,
  "B08CK22S8P": 1784389551.6955833,
  "B0CVF9YPPD": 1784389551.6955836,
  "B0DSJ9FQLD": 1784389551.695584,
  "B0B6BLTGTT": 1784389551.695585,
  "B0H2DD8Z5T": 1784389551.6955855,
  "B0H28XGBW2": 1784389551.695586,
  "B0F3GYMWG5": 1784389551.6955864,
  "B0GXQ48ZDT": 1784389551.6955872,
  "B0CQ4TSFPS": 1784389551.6955874,
  "ACCHJVFYMZVWFHGM": 1784389551.6955879,
  "WSLHHEKTSWSGEJYX": 1784389551.6955884,
  "TMRHGXCWZTV43GZJ": 1784389551.6955888,
  "WSLGBSHUJ34NZEXV": 1784389551.6955893,
  "TMRHHJ3CJGZCFGBZ": 1784389551.6955898,
  "SOIG8ZK9VC7PWRNK": 1784389551.6955905,
  "ajio_702254928001": 1784389551.695591,
  "ajio_467188929001": 1784389551.6955914,
  "ajio_467267277001": 1784389551.6955917,
  "ajio_467262692001": 1784389551.6955922,
  "ajio_442404145002": 1784389551.6955926,
  "ajio_701592202004": 1784389551.695593,
  "ajio_410371523001": 1784389551.6955938,
  "ajio_469610797003": 1784389551.6955943,
  "ajio_467281977001": 1784389551.6955948,
  "ajio_467174022003": 1784389551.6955957,
  "ajio_600645984": 1784389551.6955962,
  "ajio_600645997": 1784389551.6955967,
  "ajio_467227483001": 1784389551.6955972,
  "ajio_469625182003": 1784389551.6955976,
  "ajio_410522796002": 1784389551.6955981,
  "ajio_467011005001": 1784389551.6955986,
  "ajio_410455706001": 1784389551.6955988,
  "jiomart_groceries": 1784389551.6955996
}