{
  "B0CCV73GJG": 1784584996.5755415,
  "B0G8NJBZFN": 1784584996.5755427,
  "B0GXKC3ZXH": 1784584996.5755434,
  "B0GJDVGS6P": 1784584996.5755439,
  "B0B131G7BD": 1784584996.575544,
  "B0FSKPL8BZ": 1784584996.5755446,
  "B0759PFJFH": 1784584996.575545,
  "B0DK5Q1JZC": 1784584996.5755455,
  "B0DHPGT29X": 1784584996.5755458,
  "B0G5MHBPD1": 1784584996.5755463,
  "B0CH1524PL": 1784584996.5755467,
  "B0F27935RG": 1784584996.5755475,
  "B0GY1DFG4M": 1784584996.5755477,
  "B0FQPHP954": 1784584996.5755482,
  "B0FM3R73VW": 1784584996.5755486,
  "B0H2DRD536": 1784584996.5755491,
  "B0G4CWWPN7": 1784584996.5755496,
  "B0FJ7QX6NQ": 1784584996.5755503,
  "B0B5P6DP7W": 1784584996.5755506,
  "B0GXQ48ZDT": 1784584996.575551,
  "B0F9TDH3V4": 1784584996.5755515,
  "B08KZWTGKY": 1784584996.5755517,
  "B0FP2D5JN2": 1784584996.5755525,
  "B0F4Y17ZVD": 1784584996.5755532,
  "B0F9YGHHXG": 1784584996.5755534,
  "B0G52VRVC8": 1784584996.5755541,
  "B0GQZS8DGV": 1784584996.5755544,
  "B0FP948JMW": 1784584996.5755546,
  "B0GNMPL32L": 1784584996.575555,
  "B0G821YMW4": 1784584996.5755556,
  "B0F74D93MT": 1784584996.575556,
  "B0G33XW2RX": 1784584996.5755563,
  "B0GZK8YW47": 1784584996.5755568,
  "B0GX9Y5PWZ": 1784584996.5755572,
  "B0DTHRY1QD": 1784584996.5755577,
  "B0FHK7DST7": 1784584996.5755582,
  "B0H6K7GXMW": 1784584996.5755584,
  "SHOGSZ9CJCG7MHYD": 1784584996.575559,
  "DIAHGZRABZNPZSAA": 1784584996.5755591,
  "DIAHGZR9AZKE2GBV": 1784584996.5755594,
  "SHOHNBMZNFAN9JCH": 1784584996.5755599,
  "WSLHHEKTSWSGEJYX": 1784584996.5755603,
  "WSLGKX7CHXH7XQ7U": 1784584996.5755608,
  "TMRHHJ3CJGZCFGBZ": 1784584996.5755618,
  "SOIG8ZK9VC7PWRNK": 1784584996.5755622,
  "SOIGYEEVSWSWCHHA": 1784584996.5755625,
  "SOIGYEEXTJEEVX5D": 1784584996.575563,
  "AFRHDYGBWHJXAKFX": 1784584996.5755632,
  "AFRHDYGBPHNK3GZB": 1784584996.5755637,
  "WMNH2E8JYQCQTHRK": 1784584996.5755641,
  "AFRHF6RSP5SRBRXT": 1784584996.5755644,
  "AFRHF8HWXAZQNFBJ": 1784584996.5755649,
  "EDFGFMSJVHHHVHWQ": 1784584996.575565,
  "AFRHKJK2T7NMNMWA": 1784584996.5755656,
  "AFRHCHFGYNJGYAPX": 1784584996.5755658,
  "AFRHYFRBRRQCM6QG": 1784584996.5755663,
  "AFRHY56JU42EH3ZT": 1784584996.5755665,
  "myntra_36277442": 1784584996.5755668,
  "myntra_8667337": 1784584996.5755672,
  "myntra_18161910": 1784584996.5755677,
  "myntra_21779088": 1784584996.575568,
  "myntra_41768664": 1784584996.5755682,
  "myntra_32635910": 1784584996.5755687,
  "myntra_40798374": 1784584996.575569,
  "myntra_33796862": 1784584996.5755692,
  "myntra_11091522": 1784584996.5755696,
  "myntra_43401399": 1784584996.5755699,
  "myntra_39480367": 1784584996.57557,
  "myntra_37646355": 1784584996.5755706,
  "myntra_31896924": 1784584996.575571,
  "myntra_36089024": 1784584996.5755715,
  "myntra_42274248": 1784584996.5755718,
  "myntra_30834832": 1784584996.5755723,
  "myntra_11091506": 1784584996.5755725,
  "myntra_35988600": 1784584996.5755727,
  "myntra_43570064": 1784584996.5755732,
  "myntra_13277580": 1784584996.5755737,
  "myntra_40641591": 1784584996.575574,
  "myntra_22886266": 1784584996.5755742,
  "myntra_32194873": 1784584996.5755749,
  "myntra_39938632": 1784584996.575575,
  "myntra_24391834": 1784584996.5755756,
  "myntra_33632923": 1784584996.5755758,
  "myntra_39736692": 1784584996.575576,
  "myntra_34779834": 1784584996.5755765,
  "myntra_42797873": 1784584996.5755768,
  "myntra_42987455": 1784584996.575578,
  "myntra_12371142": 1784584996.5755785,
  "myntra_13036796": 1784584996.5755787,
  "myntra_32093862": 1784584996.5755792,
  "myntra_36089025": 1784584996.5755794,
  "myntra_13733778": 1784584996.5755796,
  "myntra_42247759": 1784584996.5755801,
  "myntra_42972558": 1784584996.5755804,
  "myntra_43908922": 1784584996.5755808,
  "myntra_30596736": 1784584996.5755816,
  "myntra_35733899": 1784584996.5755818,
  "myntra_37144369": 1784584996.575582,
  "myntra_31825556": 1784584996.5755823,
  "myntra_43559688": 1784584996.5755827,
  "myntra_13105578": 1784584996.575583,
  "ajio_493656165": 1784584996.5755835,
  "ajio_491299308": 1784584996.5755837,
  "ajio_467260501001": 1784584996.5755842,
  "ajio_469536371042": 1784584996.5755844,
  "ajio_702841897001": 1784584996.5755851,
  "ajio_441147738026": 1784584996.5755854,
  "ajio_467012854016": 1784584996.5755856,
  "ajio_466480928001": 1784584996.575586,
  "ajio_469610964016": 1784584996.5755863,
  "ajio_442695739006": 1784584996.5755868,
  "ajio_450157979008": 1784584996.575587,
  "ajio_469722188001": 1784584996.5755873,
  "ajio_469798289001": 1784584996.5755877,
  "ajio_410541549001": 1784584996.5755885,
  "ajio_442252699004": 1784584996.575589,
  "ajio_442252733002": 1784584996.5755892,
  "ajio_467196301001": 1784584996.5755894,
  "ajio_467277157001": 1784584996.57559,
  "ajio_465116630002": 1784584996.5755901,
  "ajio_469340741001": 1784584996.5755906,
  "ajio_441629712009": 1784584996.5755908,
  "ajio_701372089001": 1784584996.5755913,
  "ajio_469107797017": 1784584996.5755916,
  "ajio_701133974003": 1784584996.575592,
  "ajio_469702459005": 1784584996.5755925,
  "ajio_442767738007": 1784584996.5755928,
  "ajio_442656607001": 1784584996.5755932,
  "ajio_466996193002": 1784584996.5755935,
  "ajio_467228425001": 1784584996.5755937,
  "ajio_469452020002": 1784584996.5755942,
  "ajio_442767711027": 1784584996.5755944,
  "ajio_442109984001": 1784584996.575595,
  "ajio_469626796001": 1784584996.5755954,
  "ajio_442767788010": 1784584996.5755959,
  "ajio_441055968056": 1784584996.575596,
  "ajio_467045148002": 1784584996.5755966,
  "ajio_469820582005": 1784584996.5755968,
  "ajio_469646805001": 1784584996.575597,
  "jiomart_groceries": 1784584996.5755975
}