{
  "B0GY3JRP3X": 1784573341.162684,
  "B0GTZCSVFQ": 1784573341.1626856,
  "B099S84Y9C": 1784573341.1626868,
  "B07J4RR68S": 1784573341.1626878,
  "B0H4H59Q78": 1784573341.1626887,
  "B0G35K7ZZC": 1784573341.1626897,
  "B08GJ57MKL": 1784573341.1626909,
  "B0CVL9BGNG": 1784573341.1626916,
  "B0D8WC2XY1": 1784573341.1626925,
  "B0FDQKGB28": 1784573341.1626937,
  "B0DQD8HWWG": 1784573341.1626945,
  "B0D66ZBQ36": 1784573341.1626956,
  "B0DYNS66BT": 1784573341.1626964,
  "B0GJDVGS6P": 1784573341.1626973,
  "B0GXQ48ZDT": 1784573341.162698,
  "B0H2DD8Z5T": 1784573341.162699,
  "B00JD8EA1U": 1784573341.1626997,
  "B0CQ4TSFPS": 1784573341.162701,
  "B0G7X6BCQS": 1784573341.1627016,
  "B0F4Y17ZVD": 1784573341.1627023,
  "B08TV2P1N8": 1784573341.162703,
  "B0GPCX82G8": 1784573341.162704,
  "PWBHHF3VXAMHBY7G": 1784573341.1627054,
  "ACCHJVFYMZVWFHGM": 1784573341.1627061,
  "SHOHFZFVJCFVYTDS": 1784573341.162707,
  "DIAHGZRABZNPZSAA": 1784573341.1627083,
  "SHOHNBMZNFAN9JCH": 1784573341.1627092,
  "TMRGTMHCACXUBNJB": 1784573341.16271,
  "WSLGKX7CHXH7XQ7U": 1784573341.1627107,
  "TMRHGXCWZTV43GZJ": 1784573341.1627114,
  "TMRHHJ3CJGZCFGBZ": 1784573341.1627123,
  "AFRHDYGBWHJXAKFX": 1784573341.162713,
  "IMMGG4DYT28KAXVH": 1784573341.162714,
  "AFRHDYGBPHNK3GZB": 1784573341.1627147,
  "AFRHF6RSP5SRBRXT": 1784573341.1627154,
  "EDFGFMSJVHHHVHWQ": 1784573341.1627162,
  "AFRHY56JU42EH3ZT": 1784573341.1627166,
  "AFRHYFRBRRQCM6QG": 1784573341.1627173,
  "ajio_467260501001": 1784573341.1627183,
  "ajio_702734296001": 1784573341.1627188,
  "ajio_441147738026": 1784573341.1627197,
  "ajio_702841897001": 1784573341.1627202,
  "ajio_467012854016": 1784573341.162721,
  "ajio_467279512001": 1784573341.1627223,
  "ajio_442352813007": 1784573341.1627228,
  "ajio_450157979008": 1784573341.1627235,
  "ajio_469722188001": 1784573341.1627243,
  "ajio_469798289001": 1784573341.1627252,
  "ajio_467196301001": 1784573341.162726,
  "ajio_465116630002": 1784573341.1627264,
  "ajio_469340741001": 1784573341.162727,
  "ajio_441629712009": 1784573341.1627276,
  "ajio_469154463001": 1784573341.1627283,
  "ajio_469829457001": 1784573341.162729,
  "ajio_469107797017": 1784573341.1627297,
  "ajio_701133974003": 1784573341.1627302,
  "ajio_442709177003": 1784573341.162731,
  "ajio_469702459005": 1784573341.162732,
  "ajio_442528445007": 1784573341.1627326,
  "ajio_442656607001": 1784573341.162733,
  "ajio_442939564004": 1784573341.1627338,
  "ajio_466996193002": 1784573341.1627343,
  "ajio_467228425001": 1784573341.162735,
  "ajio_469452020002": 1784573341.1627357,
  "ajio_442109984001": 1784573341.1627362,
  "ajio_441055968056": 1784573341.1627367,
  "ajio_467045148002": 1784573341.1627374,
  "ajio_442754749013": 1784573341.1627378,
  "ajio_469646805001": 1784573341.162738,
  "ajio_469250146004": 1784573341.1627388,
  "ajio_467228421011": 1784573341.1627393,
  "ajio_442764599006": 1784573341.1627398,
  "ajio_700325400003": 1784573341.1627402,
  "ajio_442307035002": 1784573341.1627407,
  "ajio_442111420002": 1784573341.162741,
  "ajio_467197354004": 1784573341.1627414,
  "jiomart_groceries": 1784573341.162742
}