{
  "B0H2DD8Z5T": 1784551110.980791,
  "B0GY3JRP3X": 1784551110.9807928,
  "B0GX9DPCXY": 1784551110.9807942,
  "B07J4WNXRP": 1784551110.9807951,
  "B0D9WW49PJ": 1784551110.980796,
  "B08GJ57MKL": 1784551110.9807968,
  "B0CQ4TSFPS": 1784551110.9807982,
  "B0GJDVGS6P": 1784551110.9807992,
  "B0D7QFBK4L": 1784551110.9808002,
  "B0DZHKC4RH": 1784551110.980801,
  "B07DLCZT11": 1784551110.9808018,
  "B0DQD8HWWG": 1784551110.980803,
  "B0B11LJ69K": 1784551110.9808037,
  "B0H3L2RGR9": 1784551110.980805,
  "B0CVF9YPPD": 1784551110.9808056,
  "B0H4RJGL99": 1784551110.9808064,
  "B0D3PH398K": 1784551110.9808075,
  "B0BY2MBNKF": 1784551110.9808083,
  "B0F43CHDSN": 1784551110.9808095,
  "B0FTY1835B": 1784551110.9808102,
  "B0FQJ1RFDN": 1784551110.9808116,
  "B0D66Z1W4M": 1784551110.980812,
  "B0FM3R73VW": 1784551110.9808133,
  "B0CCV73GJG": 1784551110.980814,
  "B0FHW238R2": 1784551110.9808152,
  "B0GXBQ54BP": 1784551110.9808161,
  "B09RB6LKTN": 1784551110.9808168,
  "B0F8Q5GVPK": 1784551110.9808176,
  "B083TJBKCQ": 1784551110.980819,
  "B0GWFDFKTQ": 1784551110.9808197,
  "B07G75YX15": 1784551110.9808204,
  "B0CXPYYQS3": 1784551110.9808211,
  "B0CS3KQWMM": 1784551110.9808223,
  "B08CG67HZV": 1784551110.980823,
  "B0BWS3PSR2": 1784551110.9808238,
  "B0CFYQKHJN": 1784551110.9808245,
  "B00YPBQMGG": 1784551110.9808254,
  "B0CZ9JT9J3": 1784551110.9808264,
  "B079P73971": 1784551110.980827,
  "B0BRQGL35H": 1784551110.9808278,
  "B083DLBXFR": 1784551110.9808288,
  "B0CX4SSG9Z": 1784551110.9808297,
  "B0GS1F1548": 1784551110.9808304,
  "B0CZ9L43RM": 1784551110.9808319,
  "B0C6TPPNS5": 1784551110.9808328,
  "B0D8QJ7VQ4": 1784551110.9808338,
  "B0DVRTGK96": 1784551110.9808347,
  "B07BGXXHPZ": 1784551110.9808357,
  "B0CZ9L4LNX": 1784551110.9808366,
  "B07Y2Z7DLW": 1784551110.9808373,
  "PWBHHF3VXAMHBY7G": 1784551110.980838,
  "ACCHJVFYMZVWFHGM": 1784551110.980839,
  "WSLHHEKTSWSGEJYX": 1784551110.98084,
  "TMRHFVCGKYSXP9GP": 1784551110.9808407,
  "TMRHGXCWZTV43GZJ": 1784551110.9808416,
  "TMRHHJ3CJGZCFGBZ": 1784551110.9808428,
  "AFRHDYGBPHNK3GZB": 1784551110.9808435,
  "AFRHDYGBWHJXAKFX": 1784551110.9808443,
  "AFRHF6RSP5SRBRXT": 1784551110.980845,
  "IMMGG4DYT28KAXVH": 1784551110.9808455,
  "EDFGHZF6YKHMBNHY": 1784551110.9808464,
  "AFRHKJK2T7NMNMWA": 1784551110.9808471,
  "EDFGFMSJVHHHVHWQ": 1784551110.9808476,
  "AFRHY56JU42EH3ZT": 1784551110.9808483,
  "AFRHYFRBRRQCM6QG": 1784551110.9808493,
  "ajio_491566719": 1784551110.98085,
  "ajio_702685530003": 1784551110.980851,
  "ajio_701392864001": 1784551110.9808517,
  "ajio_702734296001": 1784551110.9808524,
  "ajio_469811202001": 1784551110.9808533,
  "ajio_469610161001": 1784551110.9808543,
  "ajio_702841897001": 1784551110.9808552,
  "ajio_441052276005": 1784551110.9808567,
  "ajio_467279512001": 1784551110.9808574,
  "ajio_703443859002": 1784551110.9808583,
  "ajio_469815544001": 1784551110.980859,
  "ajio_442352813007": 1784551110.98086,
  "ajio_469722188001": 1784551110.9808607,
  "ajio_469798289001": 1784551110.9808617,
  "ajio_466487325013": 1784551110.9808621,
  "ajio_443605350007": 1784551110.980863,
  "ajio_465116630002": 1784551110.980864,
  "ajio_469340741001": 1784551110.9808648,
  "ajio_703103234001": 1784551110.9808652,
  "ajio_441629712009": 1784551110.9808662,
  "ajio_469154463001": 1784551110.980867,
  "ajio_469829457001": 1784551110.9808683,
  "ajio_469107797017": 1784551110.980869,
  "ajio_467251141001": 1784551110.9808702,
  "ajio_469816483001": 1784551110.9808707,
  "ajio_701133974003": 1784551110.9808717,
  "ajio_702227104001": 1784551110.9808724,
  "ajio_469702459005": 1784551110.980873,
  "ajio_442528445007": 1784551110.9808743,
  "ajio_442656607001": 1784551110.9808748,
  "ajio_466996193002": 1784551110.9808753,
  "ajio_469452020002": 1784551110.980876,
  "ajio_442109984001": 1784551110.9808764,
  "ajio_469206328002": 1784551110.9808772,
  "ajio_469702583001": 1784551110.9808776,
  "ajio_469250146004": 1784551110.980878,
  "ajio_442711660001": 1784551110.9808786,
  "jiomart_groceries": 1784551110.980879
}