{
  "B0D8G9J1P5": 1784400836.7242324,
  "B0GJDVGS6P": 1784400836.7242336,
  "B077XC36BH": 1784400836.7242346,
  "B0GX9JGP2Q": 1784400836.724235,
  "B0GXKC3ZXH": 1784400836.7242355,
  "B0GTZ8M66Y": 1784400836.724236,
  "B0F43CHDSN": 1784400836.7242367,
  "B08GJ57MKL": 1784400836.7242372,
  "B0FHW238R2": 1784400836.724238,
  "B08W8QQLWD": 1784400836.7242384,
  "B0FQJ1RFDN": 1784400836.7242389,
  "B07DLCZT11": 1784400836.7242398,
  "B0GWQ3NDLK": 1784400836.7242403,
  "B0F2MHKCG1": 1784400836.7242405,
  "B0G35PW2XG": 1784400836.7242413,
  "B0CCV73GJG": 1784400836.7242417,
  "B0H1MT9DHS": 1784400836.7242422,
  "B0H4RGFWFF": 1784400836.7242427,
  "B0DYF4626Q": 1784400836.7242432,
  "B0D66ZBQ36": 1784400836.7242436,
  "B0DQD8HWWG": 1784400836.724244,
  "B0H4V3SWJR": 1784400836.7242448,
  "B00JD8EA1U": 1784400836.7242458,
  "B0B6BLTGTT": 1784400836.7242463,
  "B0GXQ48ZDT": 1784400836.7242465,
  "B0CVL9BGNG": 1784400836.724247,
  "B0F9YGHHXG": 1784400836.7242475,
  "B0G52VRVC8": 1784400836.7242482,
  "B0FP948JMW": 1784400836.7242486,
  "B0G821YMW4": 1784400836.7242491,
  "B0H6K7GXMW": 1784400836.7242496,
  "B0G33XW2RX": 1784400836.72425,
  "B0F74D93MT": 1784400836.7242506,
  "B0GZK8YW47": 1784400836.724251,
  "B0DKDVB22T": 1784400836.7242517,
  "B0GX9Y5PWZ": 1784400836.7242522,
  "B0FHK7DST7": 1784400836.7242525,
  "B0FD9R3LJY": 1784400836.724253,
  "B0DTHRY1QD": 1784400836.7242534,
  "ACCHJVFYMZVWFHGM": 1784400836.724254,
  "SHOHFZFVJCFVYTDS": 1784400836.7242544,
  "DIAHGZRABZNPZSAA": 1784400836.724255,
  "SHOHNBMZNFAN9JCH": 1784400836.7242556,
  "TMRGQ7BVZ2FHVBAY": 1784400836.7242565,
  "TMRHGXCWZTV43GZJ": 1784400836.724257,
  "WSLGBSHUJ34NZEXV": 1784400836.7242572,
  "TMRHHJ3CJGZCFGBZ": 1784400836.7242577,
  "SOIG8ZK9VC7PWRNK": 1784400836.7242584,
  "SOIGYEEVSWSWCHHA": 1784400836.724259,
  "SOIGYEEXTJEEVX5D": 1784400836.7242594,
  "SOIFZ9MWYUTCZUXR": 1784400836.7242599,
  "AFRHDYGBPHNK3GZB": 1784400836.7242603,
  "AFRHDYGBWHJXAKFX": 1784400836.7242606,
  "WMNH2E8JYQCQTHRK": 1784400836.724261,
  "AFRHF6RSP5SRBRXT": 1784400836.7242615,
  "IMMGG4DYT28KAXVH": 1784400836.7242622,
  "EDFGFMSJVHHHVHWQ": 1784400836.7242627,
  "AFRHYFRBRRQCM6QG": 1784400836.724263,
  "AFRHY56JU42EH3ZT": 1784400836.7242634,
  "ajio_702254928001": 1784400836.724264,
  "ajio_467188929001": 1784400836.7242644,
  "ajio_467267277001": 1784400836.7242649,
  "ajio_467262692001": 1784400836.7242656,
  "ajio_442404145002": 1784400836.724266,
  "ajio_701592202004": 1784400836.7242663,
  "ajio_410371523001": 1784400836.7242668,
  "ajio_469610797003": 1784400836.7242672,
  "ajio_467281977001": 1784400836.7242677,
  "ajio_467174022003": 1784400836.724268,
  "ajio_600645984": 1784400836.7242684,
  "ajio_600645997": 1784400836.7242692,
  "ajio_467227483001": 1784400836.7242696,
  "ajio_469625182003": 1784400836.72427,
  "ajio_410522796002": 1784400836.7242706,
  "ajio_467011005001": 1784400836.724271,
  "jiomart_groceries": 1784400836.7242713
}