{
  "B0DBGP48NW": 1784456371.4581056,
  "B0GX5BF141": 1784456371.4581072,
  "B0H4R9GJPZ": 1784456371.4581082,
  "B0F2J6QCJB": 1784456371.4581091,
  "B0GXKC3ZXH": 1784456371.4581099,
  "B084Q92WBH": 1784456371.4581108,
  "B08GJ57MKL": 1784456371.4581115,
  "B0D66ZBQ36": 1784456371.4581122,
  "B077XDK8KR": 1784456371.4581134,
  "B0GRVLYNVW": 1784456371.4581144,
  "B0CQ4TSFPS": 1784456371.4581153,
  "B0FQJ1RFDN": 1784456371.4581163,
  "B0FHW238R2": 1784456371.458117,
  "B0FDQKGB28": 1784456371.4581182,
  "B0FDGHW6NG": 1784456371.4581187,
  "B08W8QQLWD": 1784456371.4581196,
  "B0C281C231": 1784456371.4581203,
  "B07DLCZT11": 1784456371.4581213,
  "B0G2B39Q4H": 1784456371.458122,
  "B0H44RVFFK": 1784456371.4581227,
  "B0F3GYMWG5": 1784456371.4581237,
  "B07VVK39F7": 1784456371.4581246,
  "B0DQD8HWWG": 1784456371.4581258,
  "B0GJGGYPJW": 1784456371.4581263,
  "B0H1HKQTRL": 1784456371.458127,
  "B0H44SBX2T": 1784456371.4581275,
  "B0GXQ48ZDT": 1784456371.4581285,
  "B0GPCX82G8": 1784456371.4581294,
  "ajio_702254928001": 1784456371.4581304,
  "ajio_467188929001": 1784456371.4581313,
  "ajio_467267277001": 1784456371.458132,
  "ajio_467262692001": 1784456371.4581327,
  "ajio_442404145002": 1784456371.4581335,
  "ajio_701592202004": 1784456371.4581342,
  "ajio_469610797003": 1784456371.4581351,
  "ajio_467281977001": 1784456371.4581358,
  "ajio_467174022003": 1784456371.4581368,
  "ajio_600645984": 1784456371.4581373,
  "ajio_600645997": 1784456371.4581382,
  "ajio_467227483001": 1784456371.458139,
  "ajio_469625182003": 1784456371.4581397,
  "ajio_410522796002": 1784456371.4581401,
  "jiomart_groceries": 1784456371.4581406
}