{
  "B077XC36BH": 1784491407.5183063,
  "B0H4RWC9H2": 1784491407.518308,
  "B0GMWLSVKS": 1784491407.5183086,
  "B0GXBQ54BP": 1784491407.5183094,
  "B0CCV73GJG": 1784491407.51831,
  "B0DQD8HWWG": 1784491407.518311,
  "B0GJ4HDXR3": 1784491407.518312,
  "B08W8QQLWD": 1784491407.5183125,
  "B0GXQ48ZDT": 1784491407.5183132,
  "B0CKBND48X": 1784491407.5183136,
  "B0B68G4F1S": 1784491407.5183141,
  "B0G8NJBZFN": 1784491407.518315,
  "B0GPCX82G8": 1784491407.5183156,
  "B077FXDT92": 1784491407.518316,
  "B0GMXTKFLN": 1784491407.518317,
  "B0CSND4CYX": 1784491407.518318,
  "B0CBKKG7TJ": 1784491407.5183187,
  "B0B131G7BD": 1784491407.518319,
  "B0GLHQRB1R": 1784491407.5183194,
  "B0DYF4626Q": 1784491407.51832,
  "B0DYNS66BT": 1784491407.5183206,
  "B0CYPDB54Z": 1784491407.5183215,
  "B0G35KSRD7": 1784491407.5183225,
  "B0F43CHDSN": 1784491407.5183232,
  "B0759PFJFH": 1784491407.5183237,
  "B0GY157HQN": 1784491407.5183241,
  "B0G2B39Q4H": 1784491407.518325,
  "B0B11LJ69K": 1784491407.5183256,
  "B0DW8Y8191": 1784491407.5183258,
  "B09RB6LKTN": 1784491407.5183265,
  "B083TJBKCQ": 1784491407.518327,
  "B0GWFDFKTQ": 1784491407.5183272,
  "B0F8Q5GVPK": 1784491407.5183277,
  "B0CXPYYQS3": 1784491407.5183287,
  "B0BWS3PSR2": 1784491407.5183291,
  "B0CS3KQWMM": 1784491407.5183299,
  "B00YPBQMGG": 1784491407.5183303,
  "B0CFYQKHJN": 1784491407.5183308,
  "B0CZ9JT9J3": 1784491407.5183318,
  "B083DLBXFR": 1784491407.5183325,
  "B0BRQGL35H": 1784491407.518333,
  "B0BQW2WSVK": 1784491407.5183334,
  "B0CZ9L43RM": 1784491407.518334,
  "B079P73971": 1784491407.5183349,
  "B0GS1F1548": 1784491407.5183356,
  "B0CX4SSG9Z": 1784491407.5183363,
  "B0C6TPPNS5": 1784491407.5183365,
  "B0D8QJ7VQ4": 1784491407.5183372,
  "B0CZDW5JYY": 1784491407.5183375,
  "B07BGXXHPZ": 1784491407.518338,
  "B0CZ9HQ371": 1784491407.5183384,
  "B07Y2Z7DLW": 1784491407.5183394,
  "B0DVRTGK96": 1784491407.5183399,
  "WSLGYKZGEHFXXBB2": 1784491407.5183406,
  "WSLGBSHUJ34NZEXV": 1784491407.518341,
  "TMRHHJ3CJGZCFGBZ": 1784491407.5183415,
  "SOIG8ZK9VC7PWRNK": 1784491407.5183423,
  "ajio_702254928001": 1784491407.5183427,
  "ajio_467188929001": 1784491407.5183432,
  "ajio_467267277001": 1784491407.5183437,
  "ajio_467262692001": 1784491407.5183442,
  "ajio_442404145002": 1784491407.5183446,
  "ajio_701592202004": 1784491407.5183454,
  "ajio_469610797003": 1784491407.5183458,
  "ajio_467281977001": 1784491407.5183463,
  "ajio_467174022003": 1784491407.5183468,
  "ajio_600645984": 1784491407.518347,
  "ajio_467154229004": 1784491407.5183475,
  "ajio_600645997": 1784491407.518348,
  "ajio_467227483001": 1784491407.5183482,
  "ajio_410522796002": 1784491407.5183487,
  "jiomart_groceries": 1784491407.5183494
}