{
  "B0G44KMTJN": 1784231490.5031495,
  "B0FF7P18K3": 1784231490.503151,
  "B0CCV73GJG": 1784231490.5031514,
  "B0CKBND48X": 1784231490.503152,
  "B0D66ZBQ36": 1784231490.5031524,
  "B00JD8EA1U": 1784231490.5031528,
  "B0DQTBQV3C": 1784231490.5031536,
  "B0G2B39Q4H": 1784231490.5031538,
  "B089W91GV7": 1784231490.5031548,
  "B0GXQ48ZDT": 1784231490.503155,
  "B0FMRH6X8Y": 1784231490.5031557,
  "B0FBL8MB52": 1784231490.5031564,
  "B08Q8DJRP1": 1784231490.503157,
  "B0G1Z4RYT2": 1784231490.5031576,
  "B0GC5P9QCT": 1784231490.503158,
  "B0FN87L798": 1784231490.5031583,
  "B0D2DWPMKM": 1784231490.5031588,
  "B0FCSL89SJ": 1784231490.5031593,
  "B0D988Y9VJ": 1784231490.5031598,
  "B0GH1S4B3R": 1784231490.5031602,
  "B0FLQGFVXT": 1784231490.5031607,
  "B0DC6X6FPB": 1784231490.5031614,
  "B0H4V141F8": 1784231490.5031621,
  "B0GYSNL7KS": 1784231490.5031626,
  "B0FDQKGB28": 1784231490.503163,
  "B08W8QQLWD": 1784231490.5031636,
  "B0GPQV8L6D": 1784231490.503164,
  "B0FM4JKGSW": 1784231490.5031648,
  "ajio_703393567005": 1784231490.5031652,
  "ajio_702372916003": 1784231490.5031657,
  "ajio_469092482001": 1784231490.5031662,
  "ajio_703610978004": 1784231490.5031667,
  "ajio_702072030002": 1784231490.5031672,
  "ajio_703572762001": 1784231490.5031676,
  "ajio_702406104001": 1784231490.503168,
  "ajio_702524906001": 1784231490.5031686,
  "ajio_410402724002": 1784231490.503169,
  "ajio_700883473001": 1784231490.5031695,
  "ajio_469758611004": 1784231490.50317,
  "ajio_469758318003": 1784231490.5031705,
  "ajio_450171598007": 1784231490.503171,
  "ajio_442404144008": 1784231490.5031714,
  "ajio_469624444003": 1784231490.503172,
  "ajio_700817980002": 1784231490.5031729,
  "ajio_465920087001": 1784231490.5031734,
  "ajio_469766937007": 1784231490.5031738,
  "ajio_700143958006": 1784231490.503174,
  "ajio_469736771001": 1784231490.5031745,
  "ajio_701165517001": 1784231490.5031753,
  "ajio_442192671008": 1784231490.5031757,
  "ajio_410354231011": 1784231490.5031762,
  "ajio_442403154001": 1784231490.5031767,
  "jiomart_groceries": 1784231490.5031772
}