{
  "B0GXK5K633": 1784471095.7454617,
  "B0DBGP48NW": 1784471095.7454636,
  "B0F4WWCMNK": 1784471095.7454646,
  "B0FHW238R2": 1784471095.7454655,
  "B07J4WNXRM": 1784471095.7454665,
  "B00RAEXIOE": 1784471095.7454672,
  "B08GJ57MKL": 1784471095.7454681,
  "B0GX5BF141": 1784471095.7454686,
  "B0CJ4YF1YX": 1784471095.7454693,
  "B0C281HZM1": 1784471095.7454703,
  "B0CQ4TSFPS": 1784471095.745471,
  "B0H4RS5XL3": 1784471095.7454717,
  "B0G35KLQH5": 1784471095.7454722,
  "B0GXQ48ZDT": 1784471095.7454727,
  "B0DQD8HWWG": 1784471095.7454734,
  "B0F43CHDSN": 1784471095.7454739,
  "B0D66Z1W4M": 1784471095.7454746,
  "B0D9WT1S2T": 1784471095.7454753,
  "B0CVF9YPPD": 1784471095.7454758,
  "B07DLCZT11": 1784471095.7454762,
  "B0FPD14Z3G": 1784471095.7454772,
  "B0B6BLTGTT": 1784471095.745478,
  "B0F4Y17ZVD": 1784471095.7454789,
  "B0GY3JRP3X": 1784471095.7454796,
  "B0FQJ1RFDN": 1784471095.7454805,
  "B0F9YGHHXG": 1784471095.745481,
  "B0G52VRVC8": 1784471095.7454817,
  "B0FP948JMW": 1784471095.7454822,
  "B0G821YMW4": 1784471095.745483,
  "B0F74D93MT": 1784471095.7454836,
  "B0G33XW2RX": 1784471095.7454846,
  "B0GZK8YW47": 1784471095.745485,
  "B0GX9Y5PWZ": 1784471095.7454855,
  "B0DKDVB22T": 1784471095.745486,
  "B0FHK7DST7": 1784471095.7454865,
  "B0H2HW73NJ": 1784471095.7454872,
  "B0DTHRY1QD": 1784471095.7454877,
  "B0FD9R3LJY": 1784471095.7454884,
  "PWBHHF3VXAMHBY7G": 1784471095.745489,
  "SHOHFZFVJCFVYTDS": 1784471095.7454894,
  "DIAHGZRABZNPZSAA": 1784471095.7454898,
  "SHOHNBMZNFAN9JCH": 1784471095.7454908,
  "AFRHDYGBPHNK3GZB": 1784471095.7454913,
  "AFRHDYGBWHJXAKFX": 1784471095.7454922,
  "WMNH2E8JYQCQTHRK": 1784471095.7454927,
  "IMMGG4DYT28KAXVH": 1784471095.7454934,
  "AFRHF6RSP5SRBRXT": 1784471095.7454941,
  "EDFGFMSJVHHHVHWQ": 1784471095.7454948,
  "AFRHY56JU42EH3ZT": 1784471095.7454953,
  "AFRHYFRBRRQCM6QG": 1784471095.7454958,
  "AFRGSVTBEYVMUPN6": 1784471095.7454965,
  "ajio_702254928001": 1784471095.7454972,
  "ajio_467188929001": 1784471095.745498,
  "ajio_467267277001": 1784471095.7454984,
  "ajio_467262692001": 1784471095.745499,
  "ajio_442404145002": 1784471095.7454994,
  "ajio_701592202004": 1784471095.7454998,
  "ajio_469610797003": 1784471095.7455003,
  "ajio_467281977001": 1784471095.745501,
  "ajio_467174022003": 1784471095.7455015,
  "ajio_600645984": 1784471095.745502,
  "ajio_467154229004": 1784471095.7455025,
  "ajio_600645997": 1784471095.7455027,
  "ajio_467227483001": 1784471095.7455032,
  "ajio_410522796002": 1784471095.7455037,
  "jiomart_groceries": 1784471095.7455041
}