{
  "B08GJ57MKL": 1784405402.6715724,
  "B0GXKC3ZXH": 1784405402.6715739,
  "B0GJDVGS6P": 1784405402.6715744,
  "B07J4WNTKC": 1784405402.6715748,
  "B0D8G9J1P5": 1784405402.6715755,
  "B0DP7HBHZL": 1784405402.671576,
  "B0FHW238R2": 1784405402.6715767,
  "B0GWQ3NDLK": 1784405402.6715777,
  "B0FQJ1RFDN": 1784405402.6715784,
  "B0DTHYWTF3": 1784405402.6715791,
  "B0DQTBQV3C": 1784405402.6715798,
  "B08CK22S8P": 1784405402.6715806,
  "B0DP7F1SJR": 1784405402.6715813,
  "B0F43CHDSN": 1784405402.671582,
  "B0G35M9JQY": 1784405402.6715827,
  "B0GXQ48ZDT": 1784405402.6715832,
  "B0CVL9BGNG": 1784405402.671584,
  "B0DQD8HWWG": 1784405402.6715846,
  "B0D66Z1W4M": 1784405402.6715853,
  "B0CQ4TSFPS": 1784405402.6715858,
  "B0H44RVFFK": 1784405402.6715865,
  "B0FR9QVDZR": 1784405402.671587,
  "B0B11LJ69K": 1784405402.6715884,
  "B0D9WVPP8M": 1784405402.671589,
  "B0B131G7BD": 1784405402.6715894,
  "B0FM38MRWL": 1784405402.67159,
  "B0FF7P18K3": 1784405402.6715906,
  "B07DLCZT11": 1784405402.6715913,
  "SHOGSZ9CJCG7MHYD": 1784405402.6715918,
  "DIAHGZRABZNPZSAA": 1784405402.6715925,
  "SHOHNBMZNFAN9JCH": 1784405402.671593,
  "AFRHDYGBPHNK3GZB": 1784405402.6715934,
  "AFRHDYGBWHJXAKFX": 1784405402.6715941,
  "AFRHF6RSP5SRBRXT": 1784405402.671595,
  "EDFGFMSJVHHHVHWQ": 1784405402.6715956,
  "IMMGG4DYT28KAXVH": 1784405402.671596,
  "AFRHKJK2T7NMNMWA": 1784405402.6715968,
  "PUTG4P8NNYHPZR2Y": 1784405402.6715975,
  "AFRHYFRBRRQCM6QG": 1784405402.6715982,
  "ajio_702254928001": 1784405402.671599,
  "ajio_467188929001": 1784405402.6715994,
  "ajio_467267277001": 1784405402.6715999,
  "ajio_467262692001": 1784405402.6716003,
  "ajio_442404145002": 1784405402.6716018,
  "ajio_701592202004": 1784405402.6716022,
  "ajio_410371523001": 1784405402.6716027,
  "ajio_469610797003": 1784405402.6716032,
  "ajio_467281977001": 1784405402.6716037,
  "ajio_467174022003": 1784405402.671604,
  "ajio_600645984": 1784405402.6716044,
  "ajio_600645997": 1784405402.671605,
  "ajio_467227483001": 1784405402.6716056,
  "ajio_469625182003": 1784405402.671606,
  "ajio_410522796002": 1784405402.6716065,
  "ajio_467011005001": 1784405402.671607,
  "jiomart_groceries": 1784405402.6716073
}