{
  "B0B131G7BD": 1784517445.2253819,
  "B0GLHQRB1R": 1784517445.2253835,
  "B0CYPDB54Z": 1784517445.2253845,
  "B0GXK5K633": 1784517445.2253854,
  "B0759PFJFH": 1784517445.2253861,
  "B0GMY683QH": 1784517445.225387,
  "B00JD8EA1U": 1784517445.225388,
  "B0CVL9BGNG": 1784517445.2253888,
  "B0C281C231": 1784517445.2253897,
  "B0CCV592KF": 1784517445.2253904,
  "B006475KAS": 1784517445.2253911,
  "B0GX5BF141": 1784517445.225392,
  "B0FPMBTVTM": 1784517445.225393,
  "B0G5M2R9V1": 1784517445.2253938,
  "B0F27B4D5D": 1784517445.2253945,
  "B0GY1DFG4M": 1784517445.2253954,
  "B0FQPRJW6H": 1784517445.225396,
  "B0GTZM338J": 1784517445.2253966,
  "B0G35MWCM3": 1784517445.2253973,
  "B0H2HLRD4W": 1784517445.225398,
  "B085BNWW2K": 1784517445.225399,
  "B0CVF9YPPD": 1784517445.2253995,
  "B0863KCSRP": 1784517445.2254012,
  "B0C81SZTSF": 1784517445.225402,
  "B0GPCX82G8": 1784517445.2254028,
  "B00M3IULRO": 1784517445.2254035,
  "B0DQHNQNK7": 1784517445.2254043,
  "B0F4Y17ZVD": 1784517445.225405,
  "B0D8WC6C2L": 1784517445.2254055,
  "WSLHHEKTSWSGEJYX": 1784517445.2254066,
  "WSLGBSHUJ34NZEXV": 1784517445.2254071,
  "SOIG8ZK9VC7PWRNK": 1784517445.2254083,
  "SOIFZ9MWYUTCZUXR": 1784517445.225409,
  "AFRHDYGBPHNK3GZB": 1784517445.2254097,
  "AFRHDYGBWHJXAKFX": 1784517445.2254105,
  "PUTG4P8NNYHPZR2Y": 1784517445.2254114,
  "AFRGPN6MJBYZHERG": 1784517445.2254121,
  "AFRHF6RSP5SRBRXT": 1784517445.2254128,
  "EDFGFMSJVHHHVHWQ": 1784517445.2254136,
  "AFRHYFRBRRQCM6QG": 1784517445.2254145,
  "ajio_491939080": 1784517445.2254152,
  "ajio_702734296001": 1784517445.225416,
  "ajio_703184337001": 1784517445.2254167,
  "ajio_460218893001": 1784517445.225418,
  "ajio_465116630002": 1784517445.225435,
  "ajio_703103234001": 1784517445.2254362,
  "ajio_442528445007": 1784517445.225437,
  "ajio_703093546001": 1784517445.2254376,
  "ajio_700198539001": 1784517445.2254388,
  "ajio_702254928001": 1784517445.2254395,
  "ajio_410457801026": 1784517445.2254405,
  "ajio_467096393002": 1784517445.2254412,
  "ajio_460272209002": 1784517445.225442,
  "ajio_442110609001": 1784517445.2254431,
  "ajio_442600178003": 1784517445.225444,
  "ajio_467188929001": 1784517445.2254446,
  "ajio_467267277001": 1784517445.2254457,
  "ajio_467262692001": 1784517445.2254465,
  "ajio_442655624003": 1784517445.2254474,
  "ajio_442352813003": 1784517445.225448,
  "ajio_703213198004": 1784517445.2254486,
  "ajio_410539095001": 1784517445.2254498,
  "ajio_442404145002": 1784517445.2254505,
  "ajio_701592202004": 1784517445.2254515,
  "ajio_469722169004": 1784517445.2254522,
  "ajio_700032858005": 1784517445.2254531,
  "ajio_469610797003": 1784517445.2254536,
  "ajio_467281977001": 1784517445.2254546,
  "ajio_442533143001": 1784517445.2254553,
  "ajio_467174022003": 1784517445.2254558,
  "ajio_410563527002": 1784517445.2254567,
  "jiomart_groceries": 1784517445.2254572
}