{
  "B0FTY1835B": 1784497823.0679896,
  "B0D8G9J1P5": 1784497823.0679908,
  "B0GXBQ54BP": 1784497823.0679915,
  "B0FQJ1RFDN": 1784497823.067992,
  "B0DBGP48NW": 1784497823.067993,
  "B0FFSX167Y": 1784497823.0679934,
  "B0B68G4F1S": 1784497823.067994,
  "B0G8NJBZFN": 1784497823.0679946,
  "B0CCV73GJG": 1784497823.067995,
  "B0B131G7BD": 1784497823.0679955,
  "B0GLHQRB1R": 1784497823.0679963,
  "B0CYPDB54Z": 1784497823.067997,
  "B0H44VW2WP": 1784497823.0679975,
  "B0759PFJFH": 1784497823.067998,
  "B0GMY683QH": 1784497823.0679984,
  "B0GY157HQN": 1784497823.067999,
  "B0GY486J25": 1784497823.0679996,
  "B0DDCPTKFF": 1784497823.068,
  "B0GH1S4B3R": 1784497823.0680006,
  "B0GMWLSVKS": 1784497823.068001,
  "B0DQD8HWWG": 1784497823.0680015,
  "B0G5M2R9V1": 1784497823.068002,
  "B0C71C6H33": 1784497823.0680032,
  "B0F27B4D5D": 1784497823.0680037,
  "B0G7X6BCQS": 1784497823.0680041,
  "PWBHHF3VXAMHBY7G": 1784497823.0680046,
  "ACCHJVFYMZVWFHGM": 1784497823.068005,
  "WSLGYKZGEHFXXBB2": 1784497823.0680056,
  "WSLGBSHUJ34NZEXV": 1784497823.068006,
  "TMRHHJ3CJGZCFGBZ": 1784497823.0680068,
  "SOIG8ZK9VC7PWRNK": 1784497823.0680072,
  "ajio_702254928001": 1784497823.0680077,
  "ajio_460272209002": 1784497823.068008,
  "ajio_443555522002": 1784497823.0680087,
  "ajio_442307056004": 1784497823.068009,
  "ajio_467188929001": 1784497823.0680094,
  "ajio_467267277001": 1784497823.06801,
  "ajio_467262692001": 1784497823.0680106,
  "ajio_442404145002": 1784497823.068011,
  "ajio_701592202004": 1784497823.0680115,
  "ajio_469610797003": 1784497823.068012,
  "ajio_467281977001": 1784497823.0680125,
  "ajio_467174022003": 1784497823.068013,
  "ajio_600645984": 1784497823.0680144,
  "ajio_467154229004": 1784497823.0680149,
  "ajio_600645997": 1784497823.0680153,
  "ajio_467227483001": 1784497823.0680158,
  "ajio_410522796002": 1784497823.068016,
  "ajio_703130653001": 1784497823.0680165,
  "jiomart_groceries": 1784497823.0680172
}