{
  "B0GXKC3ZXH": 1784671537.433628,
  "B09MMHBS6P": 1784671537.4336298,
  "B0DGGTRHJT": 1784671537.4336305,
  "B0F4WVW7D9": 1784671537.433631,
  "B0GGHH9P5V": 1784671537.4336314,
  "B014T5PTQQ": 1784671537.433632,
  "B0H7S5LFP5": 1784671537.4336329,
  "B0B11LJ69K": 1784671537.4336333,
  "B0759PFJFH": 1784671537.4336338,
  "B0DDKPVN1K": 1784671537.4336343,
  "B08W8QQLWD": 1784671537.4336348,
  "B0FQPHP954": 1784671537.4336355,
  "B0GY1DFG4M": 1784671537.4336362,
  "B0DQD8BZLB": 1784671537.4336364,
  "B0B68JDWBD": 1784671537.433637,
  "B084Q796HQ": 1784671537.4336374,
  "B0CV5RJLLW": 1784671537.4336379,
  "B0GMQRVCZQ": 1784671537.4336383,
  "B0CVL9BGNG": 1784671537.4336388,
  "B0DP9ZJRG3": 1784671537.4336395,
  "B0G4CWWPN7": 1784671537.43364,
  "B0B5P6DP7W": 1784671537.4336405,
  "B0FMYLJJ6C": 1784671537.4336414,
  "B08KZWTGKY": 1784671537.433642,
  "B0D8WC2XY1": 1784671537.4336424,
  "B0CVF9YPPD": 1784671537.4336429,
  "B0F9YGHHXG": 1784671537.4336433,
  "B0DKDVB22T": 1784671537.4336438,
  "B0G33XW2RX": 1784671537.4336443,
  "B0FHK7DST7": 1784671537.4336448,
  "B0DTHRY1QD": 1784671537.4336452,
  "B0DN162F92": 1784671537.4336455,
  "WSLGBSHUJ34NZEXV": 1784671537.433646,
  "TMRHHJ3CJGZCFGBZ": 1784671537.4336467,
  "SOIG8ZK9VC7PWRNK": 1784671537.4336472,
  "SOIGYEEVSWSWCHHA": 1784671537.4336476,
  "SOIFZ9MWYUTCZUXR": 1784671537.433648,
  "AFRHDYGBWHJXAKFX": 1784671537.4336486,
  "AFRHDYGBPHNK3GZB": 1784671537.433649,
  "AFRHF8HWXAZQNFBJ": 1784671537.4336498,
  "AFRHF6RSP5SRBRXT": 1784671537.4336503,
  "MIXGK7N2HEUYPHFV": 1784671537.4336507,
  "EDFGFMSJVHHHVHWQ": 1784671537.4336512,
  "AFRHKJK2T7NMNMWA": 1784671537.433652,
  "AFRHY56JU42EH3ZT": 1784671537.4336524,
  "EDFGFKS7WGNSJF4M": 1784671537.4336529,
  "AFRGSVTBEYVMUPN6": 1784671537.4336536,
  "AFRHCHFGYNJGYAPX": 1784671537.433654,
  "ajio_494410185": 1784671537.4336543,
  "ajio_469605505001": 1784671537.4336548,
  "ajio_467260501001": 1784671537.4336553,
  "ajio_702266136001": 1784671537.4336557,
  "ajio_465791697004": 1784671537.4336562,
  "ajio_700064559006": 1784671537.4336567,
  "ajio_467012854016": 1784671537.4336572,
  "ajio_462590387019": 1784671537.4336576,
  "ajio_466844634002": 1784671537.4336581,
  "ajio_492493531": 1784671537.4336586,
  "ajio_466077779001": 1784671537.4336588,
  "ajio_467143703001": 1784671537.4336593,
  "ajio_703122037001": 1784671537.4336598,
  "ajio_469667026002": 1784671537.4336605,
  "ajio_491001270": 1784671537.433661,
  "ajio_469180114001": 1784671537.4336612,
  "ajio_442530185001": 1784671537.4336617,
  "ajio_469351355001": 1784671537.4336622,
  "ajio_467129633001": 1784671537.4336627,
  "ajio_469722188001": 1784671537.4336631,
  "ajio_466970671001": 1784671537.4336638,
  "ajio_467022920005": 1784671537.4336643,
  "ajio_469450083005": 1784671537.4336648,
  "ajio_467223594001": 1784671537.4336653,
  "ajio_410457796003": 1784671537.4336655,
  "ajio_494822169": 1784671537.433666,
  "ajio_491939140": 1784671537.4336665,
  "ajio_466961461015": 1784671537.4336672,
  "ajio_469107797017": 1784671537.4336677,
  "ajio_467106788007": 1784671537.4336681,
  "ajio_703389777001": 1784671537.4336686,
  "ajio_467179540004": 1784671537.433669,
  "ajio_442319353004": 1784671537.4336693,
  "ajio_702121507002": 1784671537.4336698,
  "tatacliq_8677335649751399151": 1784671537.4336703,
  "jiomart_groceries": 1784671537.433671
}