{
  "B0DBGP48NW": 1784732186.333358,
  "B0GJDVGS6P": 1784732186.33336,
  "B08W8QQLWD": 1784732186.3333604,
  "B0F4WVW7D9": 1784732186.333361,
  "B0H4H59Q78": 1784732186.3333616,
  "B0H6JLKK7W": 1784732186.333362,
  "B0DYNS66BT": 1784732186.3333626,
  "B0DQD8HWWG": 1784732186.3333635,
  "B0GXQ48ZDT": 1784732186.333364,
  "B0H2DRD536": 1784732186.3333645,
  "B0DPB4CHYZ": 1784732186.333365,
  "B0G35PW2XG": 1784732186.333366,
  "B0F4Y17ZVD": 1784732186.3333666,
  "B0FHW238R2": 1784732186.333367,
  "B0FBS6YXQC": 1784732186.3333676,
  "B0FDQKGB28": 1784732186.333368,
  "B0H2DD8Z5T": 1784732186.3333685,
  "B0CSND4CYX": 1784732186.333369,
  "B07DLCZT11": 1784732186.3333695,
  "B0G59XSPZK": 1784732186.3333702,
  "B0DW8DX2M9": 1784732186.3333707,
  "B0H5R6C68N": 1784732186.3333712,
  "B0FM3R73VW": 1784732186.3333724,
  "B0F3GYMWG5": 1784732186.3333726,
  "PWBHHF3VXAMHBY7G": 1784732186.333373,
  "ACCHJVFYMZVWFHGM": 1784732186.333374,
  "TMRHGXCWZTV43GZJ": 1784732186.3333745,
  "TMRHHJ3CJGZCFGBZ": 1784732186.333375,
  "AFRHDYGBWHJXAKFX": 1784732186.3333755,
  "AFRHDYGBPHNK3GZB": 1784732186.3333757,
  "IMMGG4DYT28KAXVH": 1784732186.3333762,
  "MIXGK7N2HEUYPHFV": 1784732186.333377,
  "WMNHB8XYTAGYSW5Q": 1784732186.3333774,
  "AFRHF6RSP5SRBRXT": 1784732186.333378,
  "CHYH769TZBNPQD8B": 1784732186.3333786,
  "AFRHKJK2T7NMNMWA": 1784732186.333379,
  "EDFGFMSJVHHHVHWQ": 1784732186.3333795,
  "ajio_443064021010": 1784732186.33338,
  "ajio_700789608001": 1784732186.3333805,
  "ajio_469647479001": 1784732186.333381,
  "ajio_467260501001": 1784732186.3333814,
  "ajio_700064559006": 1784732186.333382,
  "ajio_467012854016": 1784732186.3333824,
  "ajio_441629712003": 1784732186.3333833,
  "ajio_462590387019": 1784732186.333384,
  "ajio_492493531": 1784732186.3333845,
  "ajio_469817358001": 1784732186.333385,
  "ajio_469667026002": 1784732186.3333852,
  "ajio_701455305001": 1784732186.3333857,
  "ajio_491001270": 1784732186.3333862,
  "ajio_450144502019": 1784732186.3333867,
  "ajio_464250618001": 1784732186.3333874,
  "ajio_469722188001": 1784732186.3333879,
  "ajio_701415016004": 1784732186.3333883,
  "ajio_469816561001": 1784732186.3333888,
  "ajio_460796346025": 1784732186.333389,
  "ajio_410457796003": 1784732186.3333895,
  "ajio_700613550001": 1784732186.33339,
  "ajio_466961461015": 1784732186.3333905,
  "ajio_469107797017": 1784732186.3333912,
  "ajio_702121507002": 1784732186.3333917,
  "ajio_467228425001": 1784732186.333392,
  "ajio_490966836": 1784732186.3333924,
  "ajio_702975557010": 1784732186.3333929,
  "ajio_469451979001": 1784732186.3333933,
  "ajio_443605376002": 1784732186.3333938,
  "ajio_441055968056": 1784732186.3333945,
  "ajio_443605349009": 1784732186.3333948,
  "ajio_702080630001": 1784732186.3333952,
  "ajio_469646805001": 1784732186.3333957,
  "ajio_469250146004": 1784732186.3333962,
  "ajio_467228421011": 1784732186.3333967,
  "ajio_467170916002": 1784732186.333397,
  "ajio_700325400003": 1784732186.3333974,
  "ajio_442764543001": 1784732186.333398,
  "tatacliq_7301551690723342345": 1784732186.3333986,
  "jiomart_groceries": 1784732186.333399
}