{
  "B0FDQKGB28": 1784300955.2635992,
  "B0CSW9C5HG": 1784300955.2636003,
  "B0CWVDN3HZ": 1784300955.2636013,
  "B00RAEYI98": 1784300955.263602,
  "B09RB6LKTN": 1784300955.2636027,
  "B0FM38MRWL": 1784300955.2636037,
  "B0F8Q5GVPK": 1784300955.2636046,
  "B0H2DD8Z5T": 1784300955.2636056,
  "B0GWFDFKTQ": 1784300955.2636063,
  "B0D8WC2XY1": 1784300955.263607,
  "B083TJBKCQ": 1784300955.2636077,
  "B0FMRH6X8Y": 1784300955.263609,
  "B0DQ4X4L4D": 1784300955.2636096,
  "B08W8QQLWD": 1784300955.2636104,
  "B07G75YX15": 1784300955.263611,
  "B0D9WTRWSS": 1784300955.2636123,
  "B0CXPYYQS3": 1784300955.2636132,
  "B0H5R6C68N": 1784300955.2636142,
  "B0FNVSG8HR": 1784300955.2636151,
  "B0C281C231": 1784300955.2636163,
  "B0BWS3PSR2": 1784300955.263617,
  "B0H4HFHXSN": 1784300955.2636178,
  "B0CKK57LBY": 1784300955.2636192,
  "B0FM3R73VW": 1784300955.26362,
  "B0CFYQKHJN": 1784300955.2636209,
  "B0C7Q9LTQD": 1784300955.2636216,
  "B0CS3KQWMM": 1784300955.2636223,
  "B0GPCX82G8": 1784300955.263623,
  "B00YPBQMGG": 1784300955.263624,
  "B0D66Z1W4M": 1784300955.2636247,
  "B0BRQGL35H": 1784300955.2636254,
  "B0F2MHKCG1": 1784300955.2636266,
  "B0CZ9L43RM": 1784300955.2636275,
  "B0FC6883VK": 1784300955.2636282,
  "B079P73971": 1784300955.263629,
  "B0H2Z1Q41Z": 1784300955.26363,
  "B0CX4SSG9Z": 1784300955.2636306,
  "B0DHPGT29X": 1784300955.2636313,
  "B0GS1F1548": 1784300955.263632,
  "B0D6GF9YBX": 1784300955.2636325,
  "B0D8QJ7VQ4": 1784300955.2636335,
  "B0CZHM12FB": 1784300955.263634,
  "B0C6TPPNS5": 1784300955.263635,
  "B0BHPBZSY8": 1784300955.263636,
  "B0CZDW5JYY": 1784300955.263637,
  "B01ECMFDMQ": 1784300955.2636378,
  "B07BGXXHPZ": 1784300955.2636385,
  "B0FM4JKGSW": 1784300955.2636395,
  "B0C81SZTSF": 1784300955.2636402,
  "PWBHHF3VXAMHBY7G": 1784300955.2636409,
  "B0GXQ48ZDT": 1784300955.2636414,
  "ACCHJVFYMZVWFHGM": 1784300955.263642,
  "WSLGYKZGEHFXXBB2": 1784300955.2636428,
  "ajio_700128535001": 1784300955.2636437,
  "ajio_702254928001": 1784300955.2636442,
  "ajio_700256550002": 1784300955.263645,
  "ajio_467188929001": 1784300955.263646,
  "ajio_467267277001": 1784300955.2636464,
  "TMRHGXCWZTV43GZJ": 1784300955.2636473,
  "ajio_700143958006": 1784300955.2636483,
  "ajio_467262692001": 1784300955.2636487,
  "AFRHDYGBPHNK3GZB": 1784300955.2636492,
  "ajio_466907858001": 1784300955.26365,
  "ajio_492663474": 1784300955.2636511,
  "ajio_410371523001": 1784300955.2636516,
  "TMRHHJ3CJGZCFGBZ": 1784300955.2636523,
  "ajio_469610797003": 1784300955.263653,
  "ajio_467281977001": 1784300955.263654,
  "ajio_467174022003": 1784300955.263655,
  "AFRHDYGBWHJXAKFX": 1784300955.2636554,
  "ajio_600645984": 1784300955.2636564,
  "ajio_600645997": 1784300955.2636573,
  "ajio_467227483001": 1784300955.2636578,
  "ajio_469625182003": 1784300955.2636585,
  "ajio_410522796002": 1784300955.263659,
  "ajio_467308740002": 1784300955.26366,
  "IMMGG4DYT28KAXVH": 1784300955.2636604,
  "ajio_467011005001": 1784300955.2636611,
  "ajio_467062883002": 1784300955.2636614,
  "ajio_410455706001": 1784300955.2636623,
  "ajio_465182161005": 1784300955.2636628,
  "ajio_410475337003": 1784300955.2636633,
  "PUTG4P8NNYHPZR2Y": 1784300955.2636635,
  "AFRHKJK2T7NMNMWA": 1784300955.2636642,
  "EDFGHZF6YKHMBNHY": 1784300955.263665,
  "EDFGFMSJVHHHVHWQ": 1784300955.2636652,
  "AFRHYFRBRRQCM6QG": 1784300955.2636666,
  "AFRHY56JU42EH3ZT": 1784300955.263667,
  "AFRGSVTBEYVMUPN6": 1784300955.2636678,
  "jiomart_groceries": 1784300955.2636683
}