{
  "B0GXKC3ZXH": 1784411831.3853412,
  "B0B68KM7F5": 1784411831.3853428,
  "B0FW4XYQV3": 1784411831.3853433,
  "B0H44SBX2T": 1784411831.385344,
  "B0DQD8HWWG": 1784411831.3853445,
  "B0G35M9JQY": 1784411831.385345,
  "B0FCSLDDMD": 1784411831.3853457,
  "B0GQ9CGQFJ": 1784411831.3853464,
  "B0GH1S4B3R": 1784411831.3853474,
  "B0B11LJ69K": 1784411831.3853483,
  "B0CCV73GJG": 1784411831.3853488,
  "B0F27B4D5D": 1784411831.3853502,
  "B084YRGJ24": 1784411831.3853507,
  "B0FPMBTVTM": 1784411831.3853514,
  "B0FJ7QX6NQ": 1784411831.385352,
  "B0CQ4TSFPS": 1784411831.3853526,
  "B0DB5SFDT3": 1784411831.3853533,
  "B0GMXN5169": 1784411831.3853538,
  "B0DP7HBHZL": 1784411831.3853543,
  "B0CH14Z66K": 1784411831.385355,
  "B085BNWW2K": 1784411831.3853557,
  "B0BXB477PZ": 1784411831.3853562,
  "B0CN8VG3RV": 1784411831.3853574,
  "B0FM37JFPH": 1784411831.3853583,
  "B0FP2BFJ95": 1784411831.3853588,
  "B09RF3GT37": 1784411831.3853595,
  "SHOGSZ9CJCG7MHYD": 1784411831.3853602,
  "DIAHGZRABZNPZSAA": 1784411831.3853607,
  "SHOHNBMZNFAN9JCH": 1784411831.3853614,
  "WSLHHEKTSWSGEJYX": 1784411831.385362,
  "TMRHGXCWZTV43GZJ": 1784411831.3853624,
  "TMRHHJ3CJGZCFGBZ": 1784411831.385363,
  "AFRHDYGBPHNK3GZB": 1784411831.3853638,
  "AFRHF6RSP5SRBRXT": 1784411831.3853645,
  "EDFGFMSJVHHHVHWQ": 1784411831.385365,
  "AFRHF8HWXAZQNFBJ": 1784411831.3853655,
  "AFRHKJK2T7NMNMWA": 1784411831.385366,
  "AFRHY56JU42EH3ZT": 1784411831.3853664,
  "AFRHYFRBRRQCM6QG": 1784411831.3853674,
  "AFRGSVTBEYVMUPN6": 1784411831.3853679,
  "AFRHCHFGYNJGYAPX": 1784411831.3853683,
  "AFRHDYGBWHJXAKFX": 1784411831.3853688,
  "ajio_702254928001": 1784411831.3853695,
  "ajio_467188929001": 1784411831.3853703,
  "ajio_467267277001": 1784411831.385371,
  "ajio_467262692001": 1784411831.3853714,
  "ajio_442404145002": 1784411831.385372,
  "ajio_701592202004": 1784411831.3853724,
  "ajio_410371523001": 1784411831.3853726,
  "ajio_469610797003": 1784411831.385373,
  "ajio_467281977001": 1784411831.3853736,
  "ajio_467174022003": 1784411831.3853743,
  "ajio_600645984": 1784411831.3853745,
  "ajio_600645997": 1784411831.385375,
  "ajio_467227483001": 1784411831.3853757,
  "ajio_469625182003": 1784411831.385376,
  "ajio_410522796002": 1784411831.3853765,
  "ajio_467011005001": 1784411831.385377,
  "jiomart_groceries": 1784411831.3853776
}