{
  "B0D8G9J1P5": 1784135225.4438634,
  "B09SWCRBXW": 1784135226.097706,
  "B0FHW238R2": 1784135230.537846,
  "B0CQPBKLGZ": 1784135232.3153396,
  "B0H4RJGL99": 1784135234.8968048,
  "B09RB6LKTN": 1784135236.8153398,
  "B08GJ57MKL": 1784135239.181522
}