{
  "B0D9WV1TPJ": 1784287328.882991,
  "B084Q92WBH": 1784287328.8829927,
  "B09RB6LKTN": 1784287328.8829935,
  "B078K2YPRW": 1784287328.8829944,
  "B0CWVDN3HZ": 1784287328.8829951,
  "B0DQ4X4L4D": 1784287328.8829963,
  "B0GRVK2K1J": 1784287328.8829973,
  "B0GX5BF141": 1784287328.882998,
  "B0F8Q5GVPK": 1784287328.8829987,
  "B0GSFHJTKS": 1784287328.8829992,
  "B0DYNS66BT": 1784287328.8830004,
  "B083TJBKCQ": 1784287328.8830013,
  "B08CJJ3Y3Y": 1784287328.8830023,
  "B09GKXY3S5": 1784287328.8830032,
  "B0GWFDFKTQ": 1784287328.8830037,
  "B09VC2D2WG": 1784287328.8830044,
  "B0GY3JRP3X": 1784287328.8830054,
  "B0FL9LPCZZ": 1784287328.8830059,
  "B0CXPYYQS3": 1784287328.8830068,
  "B0FNVSG8HR": 1784287328.8830075,
  "B0F43CHDSN": 1784287328.8830082,
  "B0GSFLK985": 1784287328.883009,
  "B0BWS3PSR2": 1784287328.8830104,
  "B0FC69VWBG": 1784287328.883011,
  "B0DQD8HWWG": 1784287328.8830118,
  "B0CKK57LBY": 1784287328.8830123,
  "B0G4N1JZGG": 1784287328.883013,
  "B0CS3KQWMM": 1784287328.883014,
  "B0CCV73GJG": 1784287328.883015,
  "B0CFYQKHJN": 1784287328.8830156,
  "B08W8QQLWD": 1784287328.8830163,
  "B00YPBQMGG": 1784287328.8830175,
  "B0F9YGHHXG": 1784287328.8830183,
  "B0H5R6C68N": 1784287328.883019,
  "B0BRQGL35H": 1784287328.88302,
  "B0G52VRVC8": 1784287328.8830209,
  "B0DP7F5L9K": 1784287328.8830216,
  "B0CZ9L43RM": 1784287328.8830225,
  "B0FP948JMW": 1784287328.8830235,
  "B0CQ4TSFPS": 1784287328.8830245,
  "B079P73971": 1784287328.8830252,
  "B0G821YMW4": 1784287328.8830261,
  "B0FQJ1RFDN": 1784287328.8830268,
  "B0CX4SSG9Z": 1784287328.883028,
  "B0H6K7GXMW": 1784287328.8830287,
  "B0H2DRD536": 1784287328.8830295,
  "B0GS1F1548": 1784287328.8830304,
  "B0GX9Y5PWZ": 1784287328.8830316,
  "B0D8QJ7VQ4": 1784287328.883032,
  "B0FMRH6X8Y": 1784287328.883033,
  "B0G33XW2RX": 1784287328.8830338,
  "B0C6TPPNS5": 1784287328.8830345,
  "B0GRVRCTZG": 1784287328.8830354,
  "B0GZK8YW47": 1784287328.8830361,
  "B0CZDW5JYY": 1784287328.8830369,
  "B0GRVYQ9Z7": 1784287328.8830373,
  "B0F74D93MT": 1784287328.8830383,
  "B0CVX8CM7V": 1784287328.883039,
  "B0FHW238R2": 1784287328.8830395,
  "B07BGXXHPZ": 1784287328.8830404,
  "B0CVL9BGNG": 1784287328.8830414,
  "B0DKDVB22T": 1784287328.883042,
  "B0DW8DX2M9": 1784287328.8830426,
  "B0H2HW73NJ": 1784287328.8830433,
  "B0FD9R3LJY": 1784287328.883044,
  "B0G35N4Y16": 1784287328.8830452,
  "B0FDH7397M": 1784287328.8830457,
  "B0G2B39Q4H": 1784287328.8830462,
  "B0C281HZM1": 1784287328.883047,
  "B0F3GYMWG5": 1784287328.8830476,
  "B0BSH1W86F": 1784287328.8830485,
  "myntra_39768147": 1784287328.8830492,
  "myntra_8667337": 1784287328.8830502,
  "myntra_29553912": 1784287328.883051,
  "myntra_36665107": 1784287328.8830516,
  "myntra_26664070": 1784287328.8830523,
  "myntra_14324350": 1784287328.883053,
  "myntra_42246405": 1784287328.8830538,
  "myntra_39448023": 1784287328.8830545,
  "ajio_464815792001": 1784287328.8830552,
  "myntra_32635910": 1784287328.8830562,
  "ajio_700128535001": 1784287328.883057,
  "myntra_39078571": 1784287328.8830578,
  "ajio_702254928001": 1784287328.8830588,
  "myntra_13105578": 1784287328.8830597,
  "ajio_700256550002": 1784287328.8830605,
  "myntra_43603819": 1784287328.8830624,
  "ajio_442404144008": 1784287328.883063,
  "myntra_42274248": 1784287328.8830636,
  "ajio_467188929001": 1784287328.8830643,
  "myntra_36089025": 1784287328.883065,
  "ajio_467267277001": 1784287328.883066,
  "myntra_39480367": 1784287328.8830667,
  "ajio_700143958006": 1784287328.8830671,
  "myntra_36653402": 1784287328.8830678,
  "ajio_467262692001": 1784287328.8830686,
  "myntra_28239960": 1784287328.8830693,
  "ajio_466907858001": 1784287328.8830702,
  "myntra_42929429": 1784287328.883071,
  "ajio_492663474": 1784287328.8830717,
  "myntra_40085249": 1784287328.8830721,
  "ajio_410371523001": 1784287328.8830733,
  "myntra_30834832": 1784287328.883074,
  "ajio_469610797003": 1784287328.8830745,
  "myntra_26743286": 1784287328.8830752,
  "ajio_467281977001": 1784287328.8830762,
  "myntra_36089023": 1784287328.883077,
  "ajio_467174022003": 1784287328.8830774,
  "myntra_22886266": 1784287328.8830779,
  "ajio_600645984": 1784287328.8830783,
  "ajio_600645997": 1784287328.8830788,
  "myntra_36089027": 1784287328.8830798,
  "myntra_42067457": 1784287328.8830802,
  "ajio_467227483001": 1784287328.8830807,
  "myntra_30302086": 1784287328.8830814,
  "ajio_469625182003": 1784287328.883082,
  "myntra_43042540": 1784287328.8830824,
  "ajio_410522796002": 1784287328.8830833,
  "myntra_43866624": 1784287328.8830838,
  "ajio_467308740002": 1784287328.8830845,
  "myntra_7197229": 1784287328.883085,
  "ajio_467011005001": 1784287328.8830855,
  "ajio_467062883002": 1784287328.883086,
  "myntra_42476032": 1784287328.8830867,
  "myntra_33632916": 1784287328.8830872,
  "ajio_410455706001": 1784287328.8830876,
  "myntra_36753096": 1784287328.883088,
  "ajio_465182161005": 1784287328.8830886,
  "myntra_43802787": 1784287328.883089,
  "ajio_410475337003": 1784287328.88309,
  "ajio_442031726002": 1784287328.8830905,
  "myntra_36064825": 1784287328.883091,
  "myntra_32085911": 1784287328.8830914,
  "myntra_38899965": 1784287328.883092,
  "myntra_28549244": 1784287328.8830926,
  "myntra_40798374": 1784287328.8830936,
  "myntra_39433030": 1784287328.8830938,
  "jiomart_groceries": 1784287328.8830945
}