{
  "B0DQTBQV3C": 1784226200.0668979,
  "B0GXK5K633": 1784226200.0668995,
  "B0GX9M1LGT": 1784226200.0669003,
  "B0H2DRD22Y": 1784226200.0669012,
  "PWBHHF3VXAMHBY7G": 1784226200.066902,
  "B0DVM1T4NP": 1784226200.0669026,
  "MACHMRHASMAE2H7B": 1784226200.0669034,
  "MCPGKFJWKKDQYKHW": 1784226200.0669043,
  "ACCHJVFYMZVWFHGM": 1784226200.0669055,
  "MCPGKFKZQ7HTHYCG": 1784226200.0669062,
  "MCPH7YD2ZK2BDQUR": 1784226200.066907,
  "MCPGWSY5QKZN5CVX": 1784226200.066908,
  "MCPGKFKEXK4UGPF4": 1784226200.0669086,
  "B0FHW238R2": 1784226200.0669096,
  "SSKHESFYH5ZQWTGD": 1784226200.0669103,
  "MCPGWVEGMWBMJVHN": 1784226200.0669107,
  "B0GX5BF141": 1784226200.0669115,
  "B00RAEYI98": 1784226200.0669122,
  "SHOHFZFVJCFVYTDS": 1784226200.0669131,
  "SHOGMKFZUPUEJUAW": 1784226200.0669138,
  "SHOGSZ9CJCG7MHYD": 1784226200.0669148,
  "SHOGZSRUHAQEE45V": 1784226200.0669153,
  "B0D8QFDC67": 1784226200.0669167,
  "SHOG5SRUDYHGWFF5": 1784226200.0669172,
  "SHOG5SRUZYE4ZRMD": 1784226200.0669177,
  "SHOGZY3GRS7B9ZCN": 1784226200.0669181,
  "SHOGNFAWKU3G7VET": 1784226200.0669184,
  "SHOHMXEG3DYEGXG7": 1784226200.066919,
  "SHOG7CEDGUDS9YBC": 1784226200.0669196,
  "SHOGG8EEFX3Q7DXY": 1784226200.0669203,
  "B0CCV73GJG": 1784226200.0669208,
  "SHOFZ9YTGSXDXJPS": 1784226200.0669215,
  "SHOG7CEDU5HZHEY5": 1784226200.0669217,
  "SHOG49GUTYWYQCCQ": 1784226200.0669224,
  "SHOG4TDFUHNTHBZF": 1784226200.066923,
  "SHOHMXEEZWMYYG9E": 1784226200.0669234,
  "SHOGTAYEBYA4UEAT": 1784226200.0669239,
  "SHOGMKGYRAZFQFXS": 1784226200.0669246,
  "B0H2DD8Z5T": 1784226200.0669253,
  "SHOHJ7XTZ5BGYGMB": 1784226200.066926,
  "SHOGZSZMHGEBYDJK": 1784226200.0669265,
  "SHOGDFZURZAGE5EE": 1784226200.0669274,
  "SHOH7XDKWXAT4BZU": 1784226200.066928,
  "SHOFYSJG7FZNU67Z": 1784226200.0669293,
  "SHOFZW78GXAQBHKP": 1784226200.0669298,
  "SHOGMYMKRHSHZZRF": 1784226200.066931,
  "B00JD8EA1U": 1784226200.0669315,
  "SHOGKA9Q7RSQBDUP": 1784226200.0669324,
  "SHOFNPY9BHD6NSTG": 1784226200.066933,
  "SHOFNPY9NKCHWSTF": 1784226200.0669334,
  "SHOGAYVWHMESJWJW": 1784226200.066934,
  "SHOGH8ZT6WRBYGH3": 1784226200.0669346,
  "SHOFK56HKPCADFPP": 1784226200.0669355,
  "SHOGZSZMVNEHVGEB": 1784226200.0669363,
  "B0GYJLQZ88": 1784226200.0669367,
  "SHOGMKFZJYJKJZ4J": 1784226200.0669374,
  "SHOGMYMKZP4ETWFN": 1784226200.066938,
  "SHOH7XA6B4DSNMUD": 1784226200.0669386,
  "SHOH2D4WZBCNDZNH": 1784226200.0669394,
  "DKOHJA3GQGG5B7WA": 1784226200.0669398,
  "SHOGNGPN24HTQXKY": 1784226200.0669403,
  "B0G35KSRD7": 1784226200.0669415,
  "B0DQD8HWWG": 1784226200.066942,
  "B0GXQ48ZDT": 1784226200.0669425,
  "B0FM3R73VW": 1784226200.066943,
  "B0GFTVPBD8": 1784226200.0669434,
  "B08W8QQLWD": 1784226200.066944,
  "B08S7MCNKT": 1784226200.0669446,
  "B0FLQGFVXT": 1784226200.066945,
  "B0FMRH6X8Y": 1784226200.0669456,
  "B0CQ4TSFPS": 1784226200.066946,
  "B0CVF9YPPD": 1784226200.0669465,
  "B0C281HZM1": 1784226200.066947,
  "B0BFM9FP4N": 1784226200.0669477,
  "B0D66ZBQ36": 1784226200.066948,
  "B0DW8DX2M9": 1784226200.0669484,
  "B08Q8DJRP1": 1784226200.066949
}