{
  "B0GJDVGS6P": 1784478372.109178,
  "B0GX5BF141": 1784478372.1091795,
  "B08CKMPYDT": 1784478372.10918,
  "B0DBGP48NW": 1784478372.1091805,
  "B0CBVPTKFJ": 1784478372.109181,
  "B0DTHYWTF3": 1784478372.1091814,
  "B0DYF4626Q": 1784478372.109182,
  "B0G2B12DSQ": 1784478372.1091824,
  "B07J4WNXRM": 1784478372.109183,
  "B0F4WWCMNK": 1784478372.1091835,
  "B0FHW238R2": 1784478372.109184,
  "B0CQ4TSFPS": 1784478372.1091847,
  "B0DQD8HWWG": 1784478372.1091852,
  "B0H44SBX2T": 1784478372.1091855,
  "B09XMBMQ12": 1784478372.109186,
  "B0GXQ48ZDT": 1784478372.1091866,
  "B0H2DD8Z5T": 1784478372.1091871,
  "B00RAEXIOE": 1784478372.1091876,
  "B0H4RTZTY2": 1784478372.109188,
  "B0C1HD8KT3": 1784478372.1091886,
  "B0CKBND48X": 1784478372.109189,
  "B0B6BLTGTT": 1784478372.1091897,
  "B0F4Y17ZVD": 1784478372.1091907,
  "B0D9WT1S2T": 1784478372.1091912,
  "B0FPD14Z3G": 1784478372.1091917,
  "B0FTY1835B": 1784478372.1091921,
  "PWBHHF3VXAMHBY7G": 1784478372.1091924,
  "ACCHJVFYMZVWFHGM": 1784478372.1091928,
  "SHOHFZFVJCFVYTDS": 1784478372.1091936,
  "WSLHHEKTSWSGEJYX": 1784478372.109194,
  "TMRHETWXGBVPEBCZ": 1784478372.1091945,
  "TMRHGXCWZTV43GZJ": 1784478372.1091948,
  "TMRHHJ3CJGZCFGBZ": 1784478372.1091952,
  "AFRHDYGBPHNK3GZB": 1784478372.1091957,
  "AFRHDYGBWHJXAKFX": 1784478372.1091962,
  "WMNH2E8JYQCQTHRK": 1784478372.1091967,
  "IMMGG4DYT28KAXVH": 1784478372.1091971,
  "EKTGKXERZFHYFUH5": 1784478372.1091976,
  "AFRHDYGBE34WSTFS": 1784478372.109198,
  "AFRHF6RSP5SRBRXT": 1784478372.1091983,
  "EDFGFMSJVHHHVHWQ": 1784478372.1091988,
  "AFRHY56JU42EH3ZT": 1784478372.1091993,
  "AFRHYFRBRRQCM6QG": 1784478372.1091998,
  "ajio_702254928001": 1784478372.109201,
  "ajio_467188929001": 1784478372.1092014,
  "ajio_467267277001": 1784478372.1092017,
  "ajio_467262692001": 1784478372.1092021,
  "ajio_442404145002": 1784478372.1092026,
  "ajio_701592202004": 1784478372.109203,
  "ajio_469610797003": 1784478372.1092033,
  "ajio_467281977001": 1784478372.109204,
  "ajio_467174022003": 1784478372.1092045,
  "ajio_600645984": 1784478372.109205,
  "ajio_467154229004": 1784478372.1092055,
  "ajio_600645997": 1784478372.1092057,
  "ajio_467227483001": 1784478372.1092062,
  "ajio_410522796002": 1784478372.1092067,
  "jiomart_groceries": 1784478372.1092074
}