{
  "B0GKFDM4JZ": 1784408200.4541159,
  "B0DBGP48NW": 1784408200.454117,
  "B08GJ57MKL": 1784408200.4541178,
  "B0FQJ1RFDN": 1784408200.4541185,
  "B0FSP2LJ9N": 1784408200.454119,
  "B077XDK8KR": 1784408200.4541194,
  "B0GKTS6VW2": 1784408200.4541202,
  "B0F43CHDSN": 1784408200.4541206,
  "B0GXK5K633": 1784408200.454121,
  "B0FHW238R2": 1784408200.4541218,
  "B0H2DD8Z5T": 1784408200.4541223,
  "B0G35PW2XG": 1784408200.454123,
  "B0FM3R73VW": 1784408200.4541233,
  "B0DQD8HWWG": 1784408200.4541237,
  "B0DTHYWTF3": 1784408200.4541242,
  "B0CQ4TSFPS": 1784408200.4541247,
  "B0B131G7BD": 1784408200.4541254,
  "B0FF7P18K3": 1784408200.4541256,
  "B0B11LJ69K": 1784408200.4541261,
  "B08KFMFHDD": 1784408200.4541266,
  "B00RAEWW9G": 1784408200.454127,
  "B0FFTFYGLV": 1784408200.4541273,
  "B0C281C231": 1784408200.4541283,
  "B0H44RVFFK": 1784408200.454129,
  "B0F1CQDTMV": 1784408200.4541295,
  "B0GXQ48ZDT": 1784408200.4541297,
  "B0BC4J6KNW": 1784408200.4541302,
  "B0GWQ3NDLK": 1784408200.4541306,
  "B0FM37JFPH": 1784408200.4541311,
  "B0B68KM7F5": 1784408200.4541314,
  "ACCHJVFYMZVWFHGM": 1784408200.454132,
  "SHOGSZ9CJCG7MHYD": 1784408200.4541326,
  "DIAHGZRABZNPZSAA": 1784408200.454133,
  "SHOHNBMZNFAN9JCH": 1784408200.4541335,
  "TMRGBW9NRTWY5GGC": 1784408200.454134,
  "TMRHGXCWZTV43GZJ": 1784408200.4541345,
  "TMRHHJ3CJGZCFGBZ": 1784408200.4541347,
  "AFRHDYGBWHJXAKFX": 1784408200.4541352,
  "AFRHDYGBPHNK3GZB": 1784408200.454136,
  "AFRHF6RSP5SRBRXT": 1784408200.4541364,
  "EDFGFMSJVHHHVHWQ": 1784408200.4541368,
  "AFRHF8HWXAZQNFBJ": 1784408200.454137,
  "AFRHKJK2T7NMNMWA": 1784408200.4541376,
  "IMMGG4DYT28KAXVH": 1784408200.4541385,
  "AFRHYFRBRRQCM6QG": 1784408200.4541392,
  "AFRHY56JU42EH3ZT": 1784408200.4541395,
  "AFRGSVTBEYVMUPN6": 1784408200.45414,
  "ajio_702254928001": 1784408200.4541404,
  "ajio_467188929001": 1784408200.454141,
  "ajio_467267277001": 1784408200.4541414,
  "ajio_467262692001": 1784408200.4541419,
  "ajio_442404145002": 1784408200.454142,
  "ajio_701592202004": 1784408200.4541428,
  "ajio_410371523001": 1784408200.4541433,
  "ajio_469610797003": 1784408200.4541438,
  "ajio_467281977001": 1784408200.4541442,
  "ajio_467174022003": 1784408200.4541445,
  "ajio_600645984": 1784408200.454145,
  "ajio_600645997": 1784408200.4541454,
  "ajio_467227483001": 1784408200.4541461,
  "ajio_469625182003": 1784408200.4541464,
  "ajio_410522796002": 1784408200.4541469,
  "ajio_467011005001": 1784408200.4541473,
  "jiomart_groceries": 1784408200.4541478
}