{
  "B0F2J6QCJB": 1784461031.7812748,
  "B0GX5BF141": 1784461031.7812762,
  "B077XDK8KR": 1784461031.781277,
  "B0D7QFBK4L": 1784461031.7812777,
  "B0FHW238R2": 1784461031.7812781,
  "B0FQJ1RFDN": 1784461031.781279,
  "B07DLCZT11": 1784461031.7812798,
  "B0CQ4TSFPS": 1784461031.7812803,
  "B0D66ZBQ36": 1784461031.7812808,
  "B08GJ57MKL": 1784461031.7812815,
  "B0C281C231": 1784461031.781282,
  "B01HBJAA5W": 1784461031.781283,
  "B0GJGGYPJW": 1784461031.7812839,
  "B0H44RVFFK": 1784461031.7812843,
  "B08W8QQLWD": 1784461031.781285,
  "B0FDGHW6NG": 1784461031.781286,
  "B0H44SBX2T": 1784461031.7812865,
  "B0DQD8HWWG": 1784461031.781287,
  "B0G2B39Q4H": 1784461031.7812877,
  "B0DP9ZVBZH": 1784461031.7812881,
  "B0GXQ48ZDT": 1784461031.7812886,
  "B0GWQ3NDLK": 1784461031.781289,
  "B0DYNS66BT": 1784461031.7812905,
  "B0GY1HD5NL": 1784461031.781291,
  "B0CKBND48X": 1784461031.7812915,
  "B0G35LDW27": 1784461031.781292,
  "B0F4WWCMNK": 1784461031.7812924,
  "B0DTHYWTF3": 1784461031.7812932,
  "ajio_702254928001": 1784461031.7812936,
  "ajio_467188929001": 1784461031.781294,
  "ajio_467267277001": 1784461031.7812946,
  "ajio_467262692001": 1784461031.7812948,
  "ajio_442404145002": 1784461031.7812955,
  "ajio_701592202004": 1784461031.7812958,
  "ajio_469610797003": 1784461031.7812967,
  "ajio_467281977001": 1784461031.7812972,
  "ajio_467174022003": 1784461031.7812974,
  "ajio_600645984": 1784461031.781298,
  "ajio_467154229004": 1784461031.7812984,
  "ajio_600645997": 1784461031.7812989,
  "ajio_467227483001": 1784461031.7812994,
  "ajio_410522796002": 1784461031.7813,
  "jiomart_groceries": 1784461031.7813005
}