{
  "B0CWVDN3HZ": 1784216778.8109138,
  "B0G2MT8YVV": 1784216778.8109152,
  "B0H2DRD22Y": 1784216778.8109162,
  "B0H4RJGL99": 1784216778.810917,
  "PWBHHF3NY8UHSDSW": 1784216778.8109174,
  "ACCHENGNWG4MURY5": 1784216778.8109179,
  "B084Q92WBH": 1784216778.8109186,
  "ACCHJVFYMZVWFHGM": 1784216778.8109193,
  "MCPGKFKZQ7HTHYCG": 1784216778.8109198,
  "ACCHC485ZFKPFGBY": 1784216778.8109202,
  "B0G35LFL4C": 1784216778.8109207,
  "B0D8QCJP5J": 1784216778.8109214,
  "B0DHS3FM9F": 1784216778.810922,
  "SHOHFZFVJCFVYTDS": 1784216778.8109224,
  "SHOGMKFZUPUEJUAW": 1784216778.8109233,
  "SHOGE7C9EPTAWVDH": 1784216778.8109238,
  "B0D9WV1TPJ": 1784216778.8109243,
  "SHOHMXEG3DYEGXG7": 1784216778.8109248,
  "SHOGE7DY5HZDSPPR": 1784216778.8109252,
  "SHOHNKVUEQBWFAUA": 1784216778.8109257,
  "SHOGE7DUHZYUZEA7": 1784216778.8109267,
  "SHOG4TDFUHNTHBZF": 1784216778.8109272,
  "SHOHJ85BZCVTZGTA": 1784216778.810928,
  "SHOGMKFZJYJKJZ4J": 1784216778.8109286,
  "B0FHW238R2": 1784216778.810929,
  "SHOGSZ9CJCG7MHYD": 1784216778.8109298,
  "SHOGZY3GRS7B9ZCN": 1784216778.8109303,
  "SHOGMYMKZP4ETWFN": 1784216778.810931,
  "SHOGZY3GMU4DGMMK": 1784216778.8109314,
  "SHOGAYVWYU4ZGU2P": 1784216778.810932,
  "SHOGMYMRUZHD2AYR": 1784216778.8109326,
  "WSLHHEKTSWSGEJYX": 1784216778.8109334,
  "SHOGNFAWKU3G7VET": 1784216778.810934,
  "B0CCV73GJG": 1784216778.8109345,
  "WSLHYHBQ8MFQS8NQ": 1784216778.810935,
  "SHOGMYMKBBQEXVBJ": 1784216778.8109357,
  "WSLGYKZGEHFXXBB2": 1784216778.8109362,
  "SHOGKA9QFYF9KNZH": 1784216778.8109372,
  "WSLFNNZYQ4JYKQHH": 1784216778.8109374,
  "SHOGG3NUYTKSHTK6": 1784216778.8109381,
  "ICTDZZM3SKDMH5CK": 1784216778.8109388,
  "SHOGMYMQHAFZ33ZU": 1784216778.8109393,
  "WSLHFCYJY6X9KNSA": 1784216778.8109396,
  "SHOGMYMUYUTMFCZZ": 1784216778.8109407,
  "TMRHNCH2NPJKRV7F": 1784216778.8109412,
  "SHOG4JHHZGE7PTNP": 1784216778.810942,
  "WSLGHHZ2VMAK2WGH": 1784216778.8109422,
  "SHOG4JHT9ZJBQVFX": 1784216778.810943,
  "B00RAEU0SG": 1784216778.8109436,
  "ICTGZST8EEV66TZ4": 1784216778.810944,
  "SHOGG3NUBKZ2F9FG": 1784216778.8109446,
  "WSLHYD3GZZGQSTGZ": 1784216778.810945,
  "SHOG4PFR5WEGMDBN": 1784216778.8109455,
  "WSLGYW28UWHGNBJH": 1784216778.810946,
  "SHOG4JHXWFDRUGKY": 1784216778.8109465,
  "WSLHFCKN69DTKXRG": 1784216778.8109472,
  "SHOGMKFZZB6YP5PQ": 1784216778.8109477,
  "WSLGG56NAZZGNEY7": 1784216778.8109481,
  "SHOHN8HGYYWQMWRZ": 1784216778.8109486,
  "WSLGBSHUJ34NZEXV": 1784216778.810949,
  "SHOGMYMRHWXXG2ZN": 1784216778.8109496,
  "TMRGGGDEJM3HM4ZX": 1784216778.81095,
  "TMRHETWXGBVPEBCZ": 1784216778.8109508,
  "SHOGDFYGRMESVTYK": 1784216778.8109512,
  "B0DQD8HWWG": 1784216778.8109517,
  "SOIFRAQZAHUVEMFF": 1784216778.8109522,
  "SHOGMKFZHHBGKTE3": 1784216778.810953,
  "WSLGK5EHYGZVJKKX": 1784216778.8109531,
  "SHOHHRZNZUKZ5PNT": 1784216778.8109536,
  "SOIH2M93QWD8ZEKT": 1784216778.8109543,
  "SHOHHRZZT6HGUHGU": 1784216778.810955,
  "WSLHGY56EKB8MC3H": 1784216778.8109555,
  "SHOHHRZZPDXDQ9Q4": 1784216778.810956,
  "SOIGFTPYZBHHCADE": 1784216778.8109562,
  "SOIGFTPZ9A4TJGBD": 1784216778.8109567,
  "SOIGN6CGF7YBSVUE": 1784216778.8109572,
  "B08S7MCNKT": 1784216778.810958,
  "SOIGFG5HAGEARDFV": 1784216778.8109584,
  "SOIHBH7TQZTBWAY4": 1784216778.8109589,
  "SOIHGCS94RFZHS4K": 1784216778.8109593,
  "SOIH2M932CYPUHW5": 1784216778.8109598,
  "SOIG8ZK9VC7PWRNK": 1784216778.8109603,
  "SOIFZUNFRYSMGVPX": 1784216778.810961,
  "SOIGFY4YQFWPYBE4": 1784216778.8109612,
  "WSLH3G7A7DUKSZWP": 1784216778.810962,
  "B0G2B39Q4H": 1784216778.8109624,
  "SOIGFG5JGKCEH2EW": 1784216778.8109636,
  "SOIFZ9MWYUTCZUXR": 1784216778.810964,
  "SOIG8ZK9GQEBUWWW": 1784216778.8109648,
  "SOIG8PEZBFZEWR9B": 1784216778.8109653,
  "IRNGAJ2MCW8BKFZX": 1784216778.8109658,
  "B0FMRH6X8Y": 1784216778.8109665,
  "B0D66ZBQ36": 1784216778.810967,
  "B0F7Y15RVS": 1784216778.8109672,
  "B0F1HDRSF1": 1784216778.810968,
  "MIXGRH82YRZPZBZH": 1784216778.8109684,
  "AFRHDYGBPHNK3GZB": 1784216778.8109689,
  "AFRHDYGBWHJXAKFX": 1784216778.8109694,
  "B0CSW9C5HG": 1784216778.8109696,
  "MIXHDFVJRFUHM3YS": 1784216778.8109703,
  "AFRGTPZGUF65GNGX": 1784216778.8109708,
  "HBLHHN2SSHVJJSPE": 1784216778.8109715,
  "MIXGK7N2HEUYPHFV": 1784216778.8109717,
  "WMNH2E8JYQCQTHRK": 1784216778.8109722,
  "MIXGSF4YQSJYKR5J": 1784216778.8109727,
  "AFRGHDKDDU7BKRCM": 1784216778.8109732,
  "B0CQ4TSFPS": 1784216778.8109736,
  "IMMGG4DYT28KAXVH": 1784216778.8109741,
  "MIXF5FSZGNZKYFTG": 1784216778.810975,
  "AFRHKJK2T7NMNMWA": 1784216778.8109753,
  "WMNH8A8DFVG3A2HJ": 1784216778.810976,
  "IRNEFSJ4CJHXSUW8": 1784216778.8109763,
  "MIXGFZFKDE2FJHZV": 1784216778.8109767,
  "B0C281C231": 1784216778.8109772,
  "MIXHFSTVBKXFDE9B": 1784216778.8109777,
  "IRNH3AAMCR6TBEYW": 1784216778.810978,
  "B0H2DD8Z5T": 1784216778.8109787,
  "IRNHYMZGZCTRPEGY": 1784216778.8109791,
  "MIXGFMAQFWGRJ3B2": 1784216778.8109796,
  "B0C74N67P6": 1784216778.8109798,
  "MIXF6KF7BMRKEBVS": 1784216778.8109806,
  "IRNGK7TYXQUZRCRS": 1784216778.8109808,
  "EDFGMZHEP9ZMZZWY": 1784216778.8109813,
  "EDFGFMSJVHHHVHWQ": 1784216778.810982,
  "EDFGFKS7WGNSJF4M": 1784216778.8109825,
  "PUTGBVXQEG82HR2Y": 1784216778.8109827,
  "PUTG4P8NNYHPZR2Y": 1784216778.8109832,
  "B0F3GYMWG5": 1784216778.8109837,
  "EDFHE3FGQSZSZ7N5": 1784216778.8109841,
  "AFRGSVTBEYVMUPN6": 1784216778.8109846,
  "EDFG6H6S8ZPWQ34C": 1784216778.8109853,
  "AFRHYFRBRRQCM6QG": 1784216778.8109858,
  "AFRHY56JU42EH3ZT": 1784216778.810986,
  "AFRHAP6HVNHRV5QP": 1784216778.8109865,
  "EDFG2KC8QFGQA2FD": 1784216778.810987,
  "B0F2MHKCG1": 1784216778.8109875,
  "EDFHKWNWV7HJ5QFF": 1784216778.810988,
  "MIXGHR8C2XGRWZRM": 1784216778.8109882,
  "B0CVL9BGNG": 1784216778.810989,
  "B0H5R6C68N": 1784216778.8109894,
  "B0H4V141F8": 1784216778.8109899,
  "B0CKBND48X": 1784216778.8109903,
  "B0GXQ48ZDT": 1784216778.8109908
}