{
  "B0FKTHKDDZ": 1784689189.0667593,
  "B0G4CWWPN7": 1784689189.0667613,
  "B0B5P6DP7W": 1784689189.0667622,
  "B0FMYLJJ6C": 1784689189.0667632,
  "B0CQ4TSFPS": 1784689189.066764,
  "B0D6GK2871": 1784689189.0667648,
  "B00JD8EA1U": 1784689189.0667655,
  "B08KZWTGKY": 1784689189.0667665,
  "B0CV7J49TQ": 1784689189.0667675,
  "B0D66ZBQ36": 1784689189.0667682,
  "B08B4P6LDW": 1784689189.0667684,
  "B0GSG83MX3": 1784689189.0667696,
  "B0CH15YXDS": 1784689189.06677,
  "B0CRTWMM58": 1784689189.066771,
  "B0H7MP5C9X": 1784689189.0667717,
  "B0C9688XF1": 1784689189.0667725,
  "B0DDPYZGFW": 1784689189.066773,
  "B0B11LJ69K": 1784689189.0667734,
  "B0CQCDG5D9": 1784689189.0667744,
  "B0DHXJ64YQ": 1784689189.0667748,
  "B09N8M2QZG": 1784689189.0667756,
  "B0GC664ZKT": 1784689189.066776,
  "B0DQHNQNK7": 1784689189.0667772,
  "B0H5XP4XCG": 1784689189.066778,
  "B07PM6134P": 1784689189.0667784,
  "B09VC2D2WG": 1784689189.0667791,
  "WSLGXB5YZFE7TWHX": 1784689189.0667796,
  "TMRHGXCWZTV43GZJ": 1784689189.06678,
  "TMRHHJ3CJGZCFGBZ": 1784689189.066781,
  "AFRHDYGBPHNK3GZB": 1784689189.0667815,
  "AFRHDYGBWHJXAKFX": 1784689189.066782,
  "MIXGK7N2HEUYPHFV": 1784689189.0667825,
  "EDFGFMSJVHHHVHWQ": 1784689189.066783,
  "AFRHF8HWXAZQNFBJ": 1784689189.0667834,
  "IMMGG4DYT28KAXVH": 1784689189.066784,
  "AFRHF6RSP5SRBRXT": 1784689189.0667846,
  "AFRHKJK2T7NMNMWA": 1784689189.0667849,
  "EDFGFKS7WGNSJF4M": 1784689189.0667853,
  "ajio_700789608001": 1784689189.0667858,
  "ajio_467260501001": 1784689189.0667863,
  "ajio_700064559006": 1784689189.066787,
  "ajio_410540450001": 1784689189.0667875,
  "ajio_467012854016": 1784689189.0667882,
  "ajio_462590387019": 1784689189.0667892,
  "ajio_466844634002": 1784689189.0667896,
  "ajio_492493531": 1784689189.06679,
  "ajio_466077779001": 1784689189.0667906,
  "ajio_469817358001": 1784689189.066791,
  "ajio_703122037001": 1784689189.0667918,
  "ajio_469667026002": 1784689189.0667925,
  "ajio_491001270": 1784689189.066793,
  "ajio_450144502019": 1784689189.0667932,
  "ajio_469722188001": 1784689189.066794,
  "ajio_467223594001": 1784689189.0667944,
  "ajio_410457796003": 1784689189.0667946,
  "ajio_494822169": 1784689189.0667956,
  "ajio_491939140": 1784689189.0667958,
  "ajio_466961461015": 1784689189.0667965,
  "ajio_469107797017": 1784689189.066797,
  "ajio_467106788007": 1784689189.0667975,
  "ajio_703389777001": 1784689189.066798,
  "ajio_702121507002": 1784689189.0667987,
  "ajio_466996193002": 1784689189.0667992,
  "ajio_467228425001": 1784689189.0667996,
  "ajio_490966836": 1784689189.0668,
  "ajio_702975557010": 1784689189.0668006,
  "ajio_469451979001": 1784689189.066801,
  "ajio_441055968056": 1784689189.0668015,
  "ajio_442657993001": 1784689189.066802,
  "ajio_469646805001": 1784689189.0668025,
  "ajio_469250146004": 1784689189.0668032,
  "ajio_467228421011": 1784689189.0668037,
  "ajio_467170916002": 1784689189.0668042,
  "ajio_700325400003": 1784689189.0668044,
  "ajio_467154559001": 1784689189.066805,
  "tatacliq_279372634130264732": 1784689189.0668058,
  "jiomart_groceries": 1784689189.066806
}