{
  "B0GK9D99SG": 1784645598.7445073,
  "B0DQD8HWWG": 1784645598.7445087,
  "B07DLCZT11": 1784645598.7445095,
  "B0H2DTK4GK": 1784645598.7445104,
  "B0D66Z1W4M": 1784645598.744511,
  "B0G35KSRD7": 1784645598.7445118,
  "B0FBS6YXQC": 1784645598.7445128,
  "B0FQJ1RFDN": 1784645598.7445133,
  "B0GXBQ54BP": 1784645598.744514,
  "B0FHW238R2": 1784645598.7445147,
  "B0GJDVGS6P": 1784645598.7445154,
  "B0GWQ3NDLK": 1784645598.7445161,
  "B0DYNS66BT": 1784645598.7445166,
  "B0CQ4TSFPS": 1784645598.7445168,
  "B0GMWLSVKS": 1784645598.7445176,
  "B0H2HLRNYD": 1784645598.744518,
  "B0FMRH6X8Y": 1784645598.7445188,
  "B0H75LJNHF": 1784645598.7445192,
  "B0F3GYMWG5": 1784645598.74452,
  "B0GC5S3KK8": 1784645598.7445204,
  "B0CZ99K438": 1784645598.744521,
  "B0D9WV1TPJ": 1784645598.7445211,
  "B07PM6134P": 1784645598.7445223,
  "B09VC2D2WG": 1784645598.7445228,
  "B0FHW59Z3Q": 1784645598.744523,
  "B0GRVK2K1J": 1784645598.7445235,
  "PWBHHF3VXAMHBY7G": 1784645598.7445242,
  "ACCHJVFYMZVWFHGM": 1784645598.7445245,
  "SHOHNBG6ZDH9C4HU": 1784645598.744525,
  "TMRHETWXGBVPEBCZ": 1784645598.7445257,
  "TMRHGXCWZTV43GZJ": 1784645598.7445261,
  "TMRHHJ3CJGZCFGBZ": 1784645598.7445269,
  "AFRHDYGBPHNK3GZB": 1784645598.744527,
  "MIXGK7N2HEUYPHFV": 1784645598.7445278,
  "AFRHDYGBWHJXAKFX": 1784645598.7445285,
  "AFRHF6RSP5SRBRXT": 1784645598.7445292,
  "EDFGFMSJVHHHVHWQ": 1784645598.7445297,
  "AFRHY56JU42EH3ZT": 1784645598.7445304,
  "EDFGFKS7WGNSJF4M": 1784645598.7445312,
  "AFRGSVTBEYVMUPN6": 1784645598.7445316,
  "ajio_491554619": 1784645598.744532,
  "ajio_467260501001": 1784645598.744533,
  "ajio_463392297001": 1784645598.7445335,
  "ajio_702841897001": 1784645598.7445347,
  "ajio_700064559006": 1784645598.744535,
  "ajio_467012854016": 1784645598.7445354,
  "ajio_442974687008": 1784645598.7445362,
  "ajio_462590387019": 1784645598.7445366,
  "ajio_466844634002": 1784645598.744537,
  "ajio_443605324002": 1784645598.7445376,
  "ajio_466077779001": 1784645598.7445378,
  "ajio_443605402001": 1784645598.7445385,
  "ajio_466970671001": 1784645598.744539,
  "ajio_469667026002": 1784645598.7445397,
  "ajio_469722188001": 1784645598.7445402,
  "ajio_442715853003": 1784645598.7445407,
  "ajio_443602969007": 1784645598.7445414,
  "ajio_465116630002": 1784645598.7445416,
  "ajio_442767694004": 1784645598.7445421,
  "ajio_410457796003": 1784645598.7445428,
  "ajio_466961461015": 1784645598.7445433,
  "ajio_442767711027": 1784645598.7445438,
  "ajio_442764584006": 1784645598.744544,
  "ajio_469107797017": 1784645598.744545,
  "ajio_443602959025": 1784645598.7445455,
  "ajio_467106788007": 1784645598.7445464,
  "ajio_441130113006": 1784645598.744547,
  "ajio_443605356015": 1784645598.7445471,
  "ajio_702121507002": 1784645598.7445478,
  "ajio_442764570001": 1784645598.7445483,
  "ajio_443602355006": 1784645598.7445486,
  "ajio_469816559001": 1784645598.744549,
  "ajio_466996193002": 1784645598.7445495,
  "ajio_467228425001": 1784645598.7445502,
  "ajio_469452020002": 1784645598.7445507,
  "ajio_443602946001": 1784645598.7445512,
  "ajio_469451979001": 1784645598.7445517,
  "ajio_442950552013": 1784645598.7445521,
  "ajio_443602946007": 1784645598.7445526,
  "tatacliq_7720172970712102147": 1784645598.7445533,
  "jiomart_groceries": 1784645598.7445538
}