{
  "B0F4Y17ZVD": 1784666814.874247,
  "B0F3GYMWG5": 1784666814.8742487,
  "B0GMWLSVKS": 1784666814.8742497,
  "B0DQD8HWWG": 1784666814.8742504,
  "B0H7S5LFP5": 1784666814.8742516,
  "B0D8WC2XY1": 1784666814.8742523,
  "B0759PFJFH": 1784666814.8742535,
  "B0H75MSTNX": 1784666814.8742542,
  "B0DDKPVN1K": 1784666814.874255,
  "B08CKX15PW": 1784666814.8742554,
  "B092W8CSST": 1784666814.874256,
  "B0DYNS66BT": 1784666814.8742568,
  "B0B11LJ69K": 1784666814.8742576,
  "B0FQPHP954": 1784666814.8742583,
  "B0GN9GH5TZ": 1784666814.8742588,
  "B0GY1DFG4M": 1784666814.8742595,
  "B0B68JDWBD": 1784666814.87426,
  "B0CV5RJLLW": 1784666814.8742607,
  "B0H4R9GJPZ": 1784666814.8742611,
  "B00JD8EA1U": 1784666814.874262,
  "B0GMQRVCZQ": 1784666814.8742626,
  "B0GPF26SBY": 1784666814.8742633,
  "PWBHHF3VXAMHBY7G": 1784666814.8742645,
  "ACCHJVFYMZVWFHGM": 1784666814.8742652,
  "WSLGXB5YZFE7TWHX": 1784666814.8742657,
  "TMRHGXCWZTV43GZJ": 1784666814.8742661,
  "TMRHHJ3CJGZCFGBZ": 1784666814.8742669,
  "AFRHDYGBPHNK3GZB": 1784666814.8742673,
  "AFRHDYGBWHJXAKFX": 1784666814.8742678,
  "MIXGK7N2HEUYPHFV": 1784666814.8742685,
  "AFRHF8HWXAZQNFBJ": 1784666814.874269,
  "EDFGFMSJVHHHVHWQ": 1784666814.8742695,
  "AFRHF6RSP5SRBRXT": 1784666814.8742702,
  "IMMGG4DYT28KAXVH": 1784666814.8742707,
  "AFRHKJK2T7NMNMWA": 1784666814.8742712,
  "AFRHY56JU42EH3ZT": 1784666814.874272,
  "EDFGFKS7WGNSJF4M": 1784666814.8742728,
  "ajio_494410185": 1784666814.8742733,
  "ajio_469605505001": 1784666814.874274,
  "ajio_442530179001": 1784666814.8742747,
  "ajio_467260501001": 1784666814.8742754,
  "ajio_465791697004": 1784666814.8742762,
  "ajio_700064559006": 1784666814.874277,
  "ajio_467012854016": 1784666814.874278,
  "ajio_462590387019": 1784666814.8742785,
  "ajio_466844634002": 1784666814.8742795,
  "ajio_492493531": 1784666814.87428,
  "ajio_466077779001": 1784666814.8742805,
  "ajio_467143703001": 1784666814.874281,
  "ajio_703122037001": 1784666814.8742814,
  "ajio_469667026002": 1784666814.8742821,
  "ajio_491001270": 1784666814.8742828,
  "ajio_469180114001": 1784666814.8742836,
  "ajio_442530185001": 1784666814.874284,
  "ajio_469351355001": 1784666814.8742847,
  "ajio_467129633001": 1784666814.8742855,
  "ajio_469722188001": 1784666814.8742864,
  "ajio_466970671001": 1784666814.874287,
  "ajio_467022920005": 1784666814.8742874,
  "ajio_469450083005": 1784666814.8742878,
  "ajio_467223594001": 1784666814.8742886,
  "ajio_410457796003": 1784666814.874289,
  "ajio_491939140": 1784666814.8742898,
  "ajio_466961461015": 1784666814.8742905,
  "ajio_469107797017": 1784666814.874291,
  "ajio_467106788007": 1784666814.8742914,
  "ajio_703389777001": 1784666814.874292,
  "ajio_467179540004": 1784666814.874293,
  "ajio_442319353004": 1784666814.8742936,
  "ajio_702121507002": 1784666814.8742943,
  "ajio_466996193002": 1784666814.8742945,
  "ajio_467228425001": 1784666814.874295,
  "ajio_490966836": 1784666814.8742955,
  "ajio_469722163004": 1784666814.8742964,
  "ajio_469817284001": 1784666814.874297,
  "ajio_469451979001": 1784666814.8742974,
  "tatacliq_4645275192141720683": 1784666814.8742979,
  "jiomart_groceries": 1784666814.8742986
}