{
  "B0B68G4F1S": 1784494390.0422173,
  "B0G8NJBZFN": 1784494390.0422196,
  "B0GMWLSVKS": 1784494390.042221,
  "B0GX5BF141": 1784494390.0422218,
  "B0B131G7BD": 1784494390.0422227,
  "B0GLHQRB1R": 1784494390.042224,
  "B08W8QQLWD": 1784494390.0422251,
  "B0CYPDB54Z": 1784494390.0422258,
  "B0H4RZWB95": 1784494390.0422268,
  "B00JD8EA1U": 1784494390.0422275,
  "B0759PFJFH": 1784494390.0422282,
  "B0GMY683QH": 1784494390.0422294,
  "B0GY157HQN": 1784494390.0422308,
  "B0DQD8HWWG": 1784494390.0422313,
  "B0DDCPTKFF": 1784494390.0422323,
  "B0GH1S4B3R": 1784494390.042233,
  "B0CZTTPTRL": 1784494390.042234,
  "B0G5M2R9V1": 1784494390.0422347,
  "B0C71C6H33": 1784494390.0422354,
  "B0F27B4D5D": 1784494390.042236,
  "B0H44SBX2T": 1784494390.042237,
  "B09VC2D2WG": 1784494390.0422378,
  "B0CK6G39HN": 1784494390.042239,
  "B08CJJ3Y3Y": 1784494390.0422394,
  "B09TT7VZQG": 1784494390.0422406,
  "B0FL9LPCZZ": 1784494390.0422416,
  "B0CZS3Q9ZD": 1784494390.042242,
  "B07W6NN8D8": 1784494390.042243,
  "PWBHHF3VXAMHBY7G": 1784494390.0422435,
  "ACCHJVFYMZVWFHGM": 1784494390.0422444,
  "WSLHHEKTSWSGEJYX": 1784494390.0422454,
  "TMRHGXCWZTV43GZJ": 1784494390.042246,
  "TMRHHJ3CJGZCFGBZ": 1784494390.0422466,
  "AFRHDYGBWHJXAKFX": 1784494390.0422478,
  "EDFGFMSJVHHHVHWQ": 1784494390.0422485,
  "AFRHDYGBPHNK3GZB": 1784494390.0422492,
  "IMMGG4DYT28KAXVH": 1784494390.04225,
  "AFRHF6RSP5SRBRXT": 1784494390.0422506,
  "AFRHY56JU42EH3ZT": 1784494390.0422513,
  "AFRHYFRBRRQCM6QG": 1784494390.042252,
  "AFRGSVTBEYVMUPN6": 1784494390.0422528,
  "ajio_702254928001": 1784494390.0422535,
  "ajio_467188929001": 1784494390.042254,
  "ajio_467267277001": 1784494390.0422552,
  "ajio_467262692001": 1784494390.0422559,
  "ajio_442404145002": 1784494390.0422564,
  "ajio_701592202004": 1784494390.042257,
  "ajio_469610797003": 1784494390.0422583,
  "ajio_467281977001": 1784494390.0422587,
  "ajio_467174022003": 1784494390.0422592,
  "ajio_600645984": 1784494390.0422597,
  "ajio_467154229004": 1784494390.0422602,
  "ajio_600645997": 1784494390.0422606,
  "ajio_467227483001": 1784494390.0422614,
  "ajio_410522796002": 1784494390.0422616,
  "jiomart_groceries": 1784494390.042262
}