{
  "B0D6GK2871": 1784486025.9449239,
  "B0DYF4626Q": 1784486025.9449255,
  "B0G2B12DSQ": 1784486025.9449263,
  "B0DX77JBB9": 1784486025.9449267,
  "B0GXQ48ZDT": 1784486025.9449275,
  "B0CCV73GJG": 1784486025.944928,
  "B0H4S2RTLJ": 1784486025.9449284,
  "B0H44VW2WP": 1784486025.9449294,
  "B0H44SBX2T": 1784486025.9449298,
  "B0G7X6BCQS": 1784486025.9449303,
  "B0DQD8HWWG": 1784486025.944931,
  "B0FDQLKGBW": 1784486025.9449317,
  "B0BN67ZTBW": 1784486025.944932,
  "B0F43CHDSN": 1784486025.9449327,
  "B08Q8DJRP1": 1784486025.9449332,
  "B0H2DD8Z5T": 1784486025.9449337,
  "B0CQ4TSFPS": 1784486025.9449341,
  "B00JD8EA1U": 1784486025.9449344,
  "B0D9WT1S2T": 1784486025.9449348,
  "B0FM38MRWL": 1784486025.9449353,
  "B0B6BLTGTT": 1784486025.944936,
  "B0F4Y17ZVD": 1784486025.9449365,
  "B0BJ72WZQ7": 1784486025.9449372,
  "B0GPDL4X5D": 1784486025.9449377,
  "B0FTY1835B": 1784486025.9449382,
  "B00PBX3L7K": 1784486025.9449387,
  "B08W8QQLWD": 1784486025.944939,
  "B0D66ZBQ36": 1784486025.9449396,
  "B0D9WV1TPJ": 1784486025.94494,
  "B09VC2D2WG": 1784486025.9449406,
  "B0CX5FQPH2": 1784486025.944941,
  "B078K2YPRW": 1784486025.9449415,
  "B0GSFHJTKS": 1784486025.944942,
  "B0CK6G39HN": 1784486025.9449422,
  "B08CJJ3Y3Y": 1784486025.944943,
  "B0GRVK2K1J": 1784486025.9449434,
  "B0FL9LPCZZ": 1784486025.944944,
  "PWBHHF3NY8UHSDSW": 1784486025.9449444,
  "ACCHJVFYMZVWFHGM": 1784486025.9449446,
  "SHOHFZFVJCFVYTDS": 1784486025.944945,
  "DIAHGZRABZNPZSAA": 1784486025.9449456,
  "SHOHNBMZNFAN9JCH": 1784486025.9449463,
  "WSLHHEKTSWSGEJYX": 1784486025.9449468,
  "TMRHETWXGBVPEBCZ": 1784486025.9449477,
  "TMRHGXCWZTV43GZJ": 1784486025.9449482,
  "TMRHHJ3CJGZCFGBZ": 1784486025.9449487,
  "AFRHDYGBPHNK3GZB": 1784486025.944949,
  "AFRHDYGBWHJXAKFX": 1784486025.9449494,
  "IMMGG4DYT28KAXVH": 1784486025.94495,
  "AFRHF6RSP5SRBRXT": 1784486025.9449506,
  "EKTGKXERZFHYFUH5": 1784486025.944951,
  "AFRHKJK2T7NMNMWA": 1784486025.9449515,
  "EDFGFMSJVHHHVHWQ": 1784486025.944952,
  "AFRHY56JU42EH3ZT": 1784486025.9449522,
  "AFRHYFRBRRQCM6QG": 1784486025.9449527,
  "AFRGSVTBEYVMUPN6": 1784486025.9449534,
  "ajio_702254928001": 1784486025.9449537,
  "ajio_467188929001": 1784486025.9449542,
  "ajio_467267277001": 1784486025.9449546,
  "ajio_467262692001": 1784486025.944955,
  "ajio_442404145002": 1784486025.9449556,
  "ajio_701592202004": 1784486025.944956,
  "ajio_469610797003": 1784486025.9449563,
  "ajio_467281977001": 1784486025.944957,
  "ajio_467174022003": 1784486025.9449575,
  "ajio_600645984": 1784486025.944958,
  "ajio_467154229004": 1784486025.9449584,
  "ajio_600645997": 1784486025.9449587,
  "ajio_467227483001": 1784486025.9449592,
  "ajio_410522796002": 1784486025.9449596,
  "jiomart_groceries": 1784486025.9449604
}