{
  "B0BXB477PZ": 1784602997.3349411,
  "B0GXK5K633": 1784602997.3349428,
  "B0G4CWWPN7": 1784602997.3349438,
  "B0B5P6DP7W": 1784602997.3349447,
  "B0F9TDH3V4": 1784602997.3349457,
  "B08KZWTGKY": 1784602997.3349469,
  "B0CKBND48X": 1784602997.334948,
  "B0CVL9BGNG": 1784602997.3349488,
  "B0FP2D5JN2": 1784602997.33495,
  "B0H6BM6JBH": 1784602997.3349504,
  "B0CL4M5ZC1": 1784602997.334951,
  "B08B4P6LDW": 1784602997.3349519,
  "B0CSW9C5HG": 1784602997.3349526,
  "B0GLHYB23V": 1784602997.3349533,
  "B0D66ZBQ36": 1784602997.334954,
  "B0CRTWMM58": 1784602997.334955,
  "B0FVYD5BCJ": 1784602997.3349557,
  "B07435TZ27": 1784602997.3349562,
  "B07YWZMJFP": 1784602997.3349571,
  "B0FC2RPJ14": 1784602997.3349578,
  "B0C967H7RH": 1784602997.3349583,
  "B09R9TX7RT": 1784602997.334959,
  "B0DQD8BZLB": 1784602997.3349605,
  "B0CV7J49TQ": 1784602997.334961,
  "B09N8M2QZG": 1784602997.3349617,
  "B0D6NSDVSY": 1784602997.3349621,
  "B0C8TGDLNT": 1784602997.3349626,
  "B0F942RR2N": 1784602997.3349636,
  "B0DYNS66BT": 1784602997.3349643,
  "PWBHHF3VXAMHBY7G": 1784602997.334965,
  "ACCHJVFYMZVWFHGM": 1784602997.3349652,
  "SHOGSZ9CJCG7MHYD": 1784602997.334966,
  "WSLHHEKTSWSGEJYX": 1784602997.3349671,
  "TMRHGXCWZTV43GZJ": 1784602997.3349679,
  "TMRHHJ3CJGZCFGBZ": 1784602997.3349683,
  "AFRHDYGBWHJXAKFX": 1784602997.334969,
  "AFRHDYGBPHNK3GZB": 1784602997.3349695,
  "EDFGFMSJVHHHVHWQ": 1784602997.33497,
  "AFRHF6RSP5SRBRXT": 1784602997.3349712,
  "AFRHKJK2T7NMNMWA": 1784602997.3349717,
  "AFRHYFRBRRQCM6QG": 1784602997.3349726,
  "AFRHY56JU42EH3ZT": 1784602997.334973,
  "AFRHCHFGYNJGYAPX": 1784602997.334974,
  "ajio_467260501001": 1784602997.3349752,
  "ajio_702841897001": 1784602997.334976,
  "ajio_467012854016": 1784602997.3349767,
  "ajio_703028867001": 1784602997.3349776,
  "ajio_469610964016": 1784602997.334978,
  "ajio_450157979008": 1784602997.334979,
  "ajio_469722188001": 1784602997.3349798,
  "ajio_469798289001": 1784602997.3349802,
  "ajio_467196301001": 1784602997.3349812,
  "ajio_465116630002": 1784602997.334982,
  "ajio_441629712009": 1784602997.3349824,
  "ajio_466961461015": 1784602997.334983,
  "ajio_469107797017": 1784602997.3349838,
  "ajio_701133974003": 1784602997.3349845,
  "ajio_442767738007": 1784602997.3349853,
  "ajio_702121507002": 1784602997.3349857,
  "ajio_442656607001": 1784602997.3349864,
  "ajio_466996193002": 1784602997.3349872,
  "ajio_467228425001": 1784602997.334988,
  "ajio_469452020002": 1784602997.3349886,
  "ajio_442109984001": 1784602997.334989,
  "ajio_442767788010": 1784602997.3349898,
  "ajio_441055968056": 1784602997.3349903,
  "ajio_467045148002": 1784602997.3349907,
  "ajio_469646805001": 1784602997.3349917,
  "ajio_469250146004": 1784602997.3349922,
  "ajio_467228421011": 1784602997.3349926,
  "ajio_700325400003": 1784602997.3349931,
  "ajio_442939547009": 1784602997.3349936,
  "ajio_467197354004": 1784602997.3349938,
  "ajio_443605364007": 1784602997.3349943,
  "ajio_442709164019": 1784602997.334995,
  "ajio_442306829002": 1784602997.3349953,
  "ajio_441165351010": 1784602997.3349957,
  "ajio_442529872001": 1784602997.3349962,
  "ajio_442531460002": 1784602997.3349967,
  "ajio_467217045001": 1784602997.3349972,
  "ajio_442711589021": 1784602997.3349974,
  "jiomart_groceries": 1784602997.3349981
}