{
  "B0B68KM7F5": 1784430305.8628561,
  "B0CG1Y3336": 1784430305.8628578,
  "B0CVL9BGNG": 1784430305.8628583,
  "B0GXK5K633": 1784430305.8628588,
  "B0C281C231": 1784430305.8628592,
  "B0GH1S4B3R": 1784430305.8628597,
  "B0D3PH398K": 1784430305.8628604,
  "B0GWQFXMTY": 1784430305.8628612,
  "B0F27B4D5D": 1784430305.8628616,
  "B084YRGJ24": 1784430305.862862,
  "B0B6BLTGTT": 1784430305.8628626,
  "B006475KAS": 1784430305.8628633,
  "B07XZFKR6J": 1784430305.8628638,
  "B0FPMBTVTM": 1784430305.8628645,
  "B0G35NX1B6": 1784430305.862865,
  "B0DB5SFDT3": 1784430305.8628654,
  "B0DBGP48NW": 1784430305.862866,
  "B0GMXN5169": 1784430305.8628664,
  "B0CH14Z66K": 1784430305.8628666,
  "B085BNWW2K": 1784430305.862867,
  "B0BXB477PZ": 1784430305.8628676,
  "B0DQD8HWWG": 1784430305.8628683,
  "B0C3HCTCJL": 1784430305.8628693,
  "B0CN8VG3RV": 1784430305.8628697,
  "B0C7Q9LTQD": 1784430305.8628702,
  "B0CQ4TSFPS": 1784430305.8628707,
  "B0CQ4HSR2D": 1784430305.8628714,
  "B0D6GF9YBX": 1784430305.8628716,
  "B0GPDG4NG3": 1784430305.8628721,
  "B0F9YGHHXG": 1784430305.8628726,
  "B0G52VRVC8": 1784430305.8628733,
  "B0FP948JMW": 1784430305.8628738,
  "B0G821YMW4": 1784430305.862874,
  "B0H6K7GXMW": 1784430305.8628745,
  "B0G33XW2RX": 1784430305.8628752,
  "B0F74D93MT": 1784430305.8628757,
  "B0GZK8YW47": 1784430305.8628762,
  "B0DKDVB22T": 1784430305.8628767,
  "B0GX9Y5PWZ": 1784430305.862877,
  "B0H2HW73NJ": 1784430305.8628774,
  "B0DTHRY1QD": 1784430305.8628778,
  "B0FHK7DST7": 1784430305.8628786,
  "B0FD9R3LJY": 1784430305.862879,
  "SHOGTZYUVQCQGFBA": 1784430305.86288,
  "DIAHGZRABZNPZSAA": 1784430305.8628805,
  "DIAHGZR9AZKE2GBV": 1784430305.862881,
  "SHOHNBMZNFAN9JCH": 1784430305.8628814,
  "WSLHHEKTSWSGEJYX": 1784430305.8628821,
  "TMRHGXCWZTV43GZJ": 1784430305.8628824,
  "TMRHHJ3CJGZCFGBZ": 1784430305.8628829,
  "AFRHDYGBPHNK3GZB": 1784430305.8628833,
  "AFRHDYGBWHJXAKFX": 1784430305.8628838,
  "EDFGFMSJVHHHVHWQ": 1784430305.8628843,
  "IMMGG4DYT28KAXVH": 1784430305.8628848,
  "PUTG4P8NNYHPZR2Y": 1784430305.8628855,
  "AFRHKJK2T7NMNMWA": 1784430305.862886,
  "AFRHY56JU42EH3ZT": 1784430305.8628864,
  "AFRHYFRBRRQCM6QG": 1784430305.862887,
  "AFRGSVTBEYVMUPN6": 1784430305.8628874,
  "ajio_702254928001": 1784430305.8628879,
  "ajio_467188929001": 1784430305.862888,
  "ajio_467267277001": 1784430305.8628888,
  "ajio_467262692001": 1784430305.8628893,
  "ajio_442404145002": 1784430305.8628898,
  "ajio_701592202004": 1784430305.8628902,
  "ajio_410371523001": 1784430305.8628907,
  "ajio_469610797003": 1784430305.862891,
  "ajio_467281977001": 1784430305.8628914,
  "ajio_467174022003": 1784430305.8628922,
  "ajio_600645984": 1784430305.8628926,
  "ajio_600645997": 1784430305.862893,
  "ajio_467227483001": 1784430305.8628936,
  "ajio_469625182003": 1784430305.862894,
  "ajio_410522796002": 1784430305.8628945,
  "ajio_467011005001": 1784430305.8628948,
  "jiomart_groceries": 1784430305.8628953
}