{
  "B07J4WNXRP": 1784312250.017098,
  "B0F2J6QCJB": 1784312250.0170994,
  "B0DPB2KVKG": 1784312250.0171,
  "B0DVM1T4NP": 1784312250.0171006,
  "B0FKTHKDDZ": 1784312250.017101,
  "B0H4RCG3FW": 1784312250.0171018,
  "B0H2DD8Z5T": 1784312250.017103,
  "B0DQTBQV3C": 1784312250.0171034,
  "B0F4WWCMNK": 1784312250.017104,
  "B0D2GMQ8FR": 1784312250.0171046,
  "B0DQD8HWWG": 1784312250.017105,
  "B0DYNS66BT": 1784312250.0171058,
  "B0CQ4TSFPS": 1784312250.0171065,
  "B0D9WWGWY8": 1784312250.017107,
  "B0D66Z1W4M": 1784312250.0171075,
  "B0FHW238R2": 1784312250.017108,
  "B0FM3R73VW": 1784312250.0171084,
  "B0H1MT9DHS": 1784312250.0171087,
  "B0H3L2RGR9": 1784312250.0171092,
  "B0H44SBX2T": 1784312250.0171099,
  "B0G35LFL4C": 1784312250.0171103,
  "B0H5R6C68N": 1784312250.0171108,
  "B0FM38MRWL": 1784312250.0171115,
  "B0H4S23Q1F": 1784312250.017112,
  "B0F43CHDSN": 1784312250.0171125,
  "B084Q92WBH": 1784312250.017113,
  "B00JD8EA1U": 1784312250.0171137,
  "B0FDKJ11M9": 1784312250.0171144,
  "B0CKBND48X": 1784312250.0171149,
  "B08W8QQLWD": 1784312250.0171154,
  "B0G4MVYZ42": 1784312250.0171158,
  "B0DW8DX2M9": 1784312250.0171163,
  "ajio_700128535001": 1784312250.017117,
  "ajio_700222333001": 1784312250.0171173,
  "ajio_702254928001": 1784312250.0171177,
  "ajio_700256550002": 1784312250.0171182,
  "ajio_467188929001": 1784312250.0171187,
  "ajio_467267277001": 1784312250.0171192,
  "ajio_700143958006": 1784312250.0171194,
  "ajio_467262692001": 1784312250.01712,
  "ajio_466907858001": 1784312250.0171206,
  "ajio_492663474": 1784312250.017121,
  "ajio_442404145002": 1784312250.0171216,
  "ajio_410371523001": 1784312250.0171225,
  "ajio_469610797003": 1784312250.0171227,
  "ajio_467281977001": 1784312250.0171232,
  "ajio_467174022003": 1784312250.017124,
  "ajio_600645984": 1784312250.0171244,
  "ajio_600645997": 1784312250.017125,
  "ajio_467227483001": 1784312250.0171254,
  "ajio_469625182003": 1784312250.0171258,
  "ajio_410522796002": 1784312250.0171263,
  "ajio_467308740002": 1784312250.0171266,
  "ajio_467011005001": 1784312250.0171273,
  "ajio_467062883002": 1784312250.0171278,
  "ajio_410455706001": 1784312250.0171282,
  "ajio_465182161005": 1784312250.0171287,
  "jiomart_groceries": 1784312250.017129
}