{
  "B0DPB2TX8Y": 1784482224.1286805,
  "B0D4553BFG": 1784482224.1286821,
  "B0DQD8HWWG": 1784482224.128683,
  "B0GXQ48ZDT": 1784482224.1286838,
  "B08GJ57MKL": 1784482224.1286845,
  "B0H44VW2WP": 1784482224.1286852,
  "B0CQ4TSFPS": 1784482224.1286864,
  "B0CKBND48X": 1784482224.1286871,
  "B0D66ZBQ36": 1784482224.1286876,
  "B0DTHYWTF3": 1784482224.1286883,
  "B0FDQMBKVR": 1784482224.128689,
  "B0B6BLTGTT": 1784482224.1286905,
  "B0FM38MRWL": 1784482224.128691,
  "B0D6GK2871": 1784482224.1286917,
  "B0H2DD8Z5T": 1784482224.1286922,
  "B0F9YGHHXG": 1784482224.128693,
  "B0G52VRVC8": 1784482224.1286938,
  "B0FP948JMW": 1784482224.1286948,
  "B0G821YMW4": 1784482224.1286952,
  "B0F74D93MT": 1784482224.1286962,
  "B0G33XW2RX": 1784482224.1286972,
  "B0GZK8YW47": 1784482224.1286976,
  "B0GX9Y5PWZ": 1784482224.1286988,
  "B0DKDVB22T": 1784482224.1286993,
  "B0H2HW73NJ": 1784482224.1287003,
  "B0FHK7DST7": 1784482224.128701,
  "B0DTHRY1QD": 1784482224.1287017,
  "B0FD9R3LJY": 1784482224.1287026,
  "ajio_702254928001": 1784482224.128703,
  "ajio_467188929001": 1784482224.128704,
  "ajio_467267277001": 1784482224.1287048,
  "ajio_467262692001": 1784482224.1287053,
  "ajio_442404145002": 1784482224.1287062,
  "ajio_701592202004": 1784482224.128707,
  "ajio_469610797003": 1784482224.1287076,
  "ajio_467281977001": 1784482224.1287081,
  "ajio_467174022003": 1784482224.1287086,
  "ajio_600645984": 1784482224.128709,
  "ajio_467154229004": 1784482224.1287098,
  "ajio_600645997": 1784482224.1287107,
  "ajio_467227483001": 1784482224.1287115,
  "ajio_410522796002": 1784482224.128712,
  "jiomart_groceries": 1784482224.1287124
}