{
  "B0FKTHKDDZ": 1784709198.809085,
  "B08W8QQLWD": 1784709198.8090875,
  "B0GXQ48ZDT": 1784709198.8090887,
  "B0GJDVGS6P": 1784709198.8090904,
  "B0F4WVW7D9": 1784709198.809091,
  "B0H6JLKK7W": 1784709198.8090923,
  "B08GJ57MKL": 1784709198.809094,
  "B0F4Y17ZVD": 1784709198.8090951,
  "B0DQD8HWWG": 1784709198.8090963,
  "B0FQJ1RFDN": 1784709198.8090973,
  "B0GV9VS6VZ": 1784709198.8090987,
  "B0DPB2JSSG": 1784709198.8091004,
  "B0CQ4TSFPS": 1784709198.8091013,
  "B0CVF9YPPD": 1784709198.8091025,
  "B0D66Z1W4M": 1784709198.809104,
  "B0H1MT9DHS": 1784709198.809105,
  "B0GYWZRPR8": 1784709198.809106,
  "B0FDQKGB28": 1784709198.8091073,
  "B0H2HN3PCZ": 1784709198.8091083,
  "B0H75JDT88": 1784709198.8091094,
  "B0G59XSPZK": 1784709198.8091109,
  "B077X8MD5X": 1784709198.8091118,
  "B0DX7BJ6WH": 1784709198.8091137,
  "B0GPD9RYJ2": 1784709198.809115,
  "B0H4RXLWXL": 1784709198.8091161,
  "B0D3PH398K": 1784709198.8091178,
  "B07DLCZT11": 1784709198.8091187,
  "B0F9YGHHXG": 1784709198.8091197,
  "B0DKDVB22T": 1784709198.8091207,
  "B0H99R58K8": 1784709198.8091218,
  "B0G33XW2RX": 1784709198.8091228,
  "B0FHK7DST7": 1784709198.8091235,
  "B0DTHRY1QD": 1784709198.8091247,
  "PWBHHF3VXAMHBY7G": 1784709198.8091254,
  "ACCHJVFYMZVWFHGM": 1784709198.8091269,
  "SHOHNBMZNFAN9JCH": 1784709198.8091276,
  "TMRHGXCWZTV43GZJ": 1784709198.809129,
  "TMRHHJ3CJGZCFGBZ": 1784709198.80913,
  "AFRHDYGBPHNK3GZB": 1784709198.809131,
  "AFRHF6RSP5SRBRXT": 1784709198.8091323,
  "WMNHB8XYTAGYSW5Q": 1784709198.8091333,
  "MIXGK7N2HEUYPHFV": 1784709198.8091342,
  "EDFGFMSJVHHHVHWQ": 1784709198.8091354,
  "AFRHKJK2T7NMNMWA": 1784709198.8091373,
  "AFRHDYGBWHJXAKFX": 1784709198.8091388,
  "AFRHY56JU42EH3ZT": 1784709198.8091397,
  "EDFGFKS7WGNSJF4M": 1784709198.8091412,
  "myntra_8667337": 1784709198.8091424,
  "myntra_29553912": 1784709198.8091435,
  "myntra_18161910": 1784709198.8091455,
  "myntra_34779837": 1784709198.8091466,
  "myntra_21779088": 1784709198.8091478,
  "myntra_13733778": 1784709198.8091493,
  "myntra_34779834": 1784709198.8091507,
  "myntra_32635910": 1784709198.8091516,
  "myntra_39480367": 1784709198.8091528,
  "myntra_42972558": 1784709198.8091536,
  "myntra_42274248": 1784709198.8091543,
  "myntra_31896924": 1784709198.8091552,
  "myntra_36089024": 1784709198.809156,
  "myntra_41076626": 1784709198.8091567,
  "myntra_39696369": 1784709198.8091571,
  "myntra_30834832": 1784709198.8091583,
  "myntra_43225682": 1784709198.8091588,
  "myntra_32840359": 1784709198.80916,
  "myntra_23222102": 1784709198.8091607,
  "myntra_11852424": 1784709198.8091612,
  "myntra_43153813": 1784709198.809162,
  "myntra_42864234": 1784709198.8091624,
  "myntra_537675": 1784709198.8091633,
  "myntra_31041414": 1784709198.809164,
  "myntra_42987455": 1784709198.809165,
  "myntra_36089025": 1784709198.8091657,
  "myntra_43087510": 1784709198.8091664,
  "myntra_40641591": 1784709198.8091671,
  "myntra_13105578": 1784709198.8091676,
  "myntra_38816474": 1784709198.8091683,
  "myntra_33796862": 1784709198.8091686,
  "myntra_11852410": 1784709198.8091693,
  "myntra_33632923": 1784709198.80917,
  "myntra_39736692": 1784709198.8091707,
  "myntra_36064825": 1784709198.8091712,
  "myntra_43935674": 1784709198.8091717,
  "myntra_29508894": 1784709198.8091724,
  "myntra_25926206": 1784709198.8091733,
  "myntra_35733899": 1784709198.809174,
  "myntra_36089027": 1784709198.8091755,
  "ajio_700789608001": 1784709198.8091762,
  "ajio_467260501001": 1784709198.8091772,
  "ajio_700064559006": 1784709198.8091776,
  "ajio_410540450001": 1784709198.8091784,
  "ajio_467012854016": 1784709198.8091788,
  "ajio_462590387019": 1784709198.8091793,
  "ajio_492493531": 1784709198.8091803,
  "ajio_466077779001": 1784709198.809181,
  "ajio_469817358001": 1784709198.8091815,
  "ajio_703122037001": 1784709198.809182,
  "ajio_469667026002": 1784709198.8091824,
  "ajio_491001270": 1784709198.8091826,
  "ajio_469812812002": 1784709198.8091831,
  "ajio_450144502019": 1784709198.8091838,
  "ajio_469722188001": 1784709198.8091843,
  "ajio_467223594001": 1784709198.8091848,
  "ajio_410457796003": 1784709198.8091853,
  "ajio_491939140": 1784709198.8091857,
  "ajio_469600333001": 1784709198.8091862,
  "ajio_467220503002": 1784709198.8091865,
  "ajio_466961461015": 1784709198.8091872,
  "ajio_469107797017": 1784709198.8091877,
  "ajio_703389777001": 1784709198.8091881,
  "ajio_702121507002": 1784709198.8091886,
  "ajio_466996193002": 1784709198.809189,
  "ajio_467228425001": 1784709198.8091893,
  "ajio_490966836": 1784709198.8091898,
  "ajio_702975557010": 1784709198.8091905,
  "ajio_469451979001": 1784709198.8091912,
  "ajio_441055968056": 1784709198.8091915,
  "ajio_469646805001": 1784709198.809192,
  "ajio_469250146004": 1784709198.8091924,
  "ajio_467228421011": 1784709198.809193,
  "ajio_467170916002": 1784709198.8091931,
  "ajio_700325400003": 1784709198.8091936,
  "ajio_442939549004": 1784709198.8091943,
  "ajio_467154559001": 1784709198.8091948,
  "ajio_467176306003": 1784709198.8091955,
  "tatacliq_5104869341221800842": 1784709198.8091958,
  "jiomart_groceries": 1784709198.8091962
}