{
  "B08GJ57MKL": 1784298294.252707,
  "B0D2GMQ8FR": 1784298294.2527084,
  "B0CCV73GJG": 1784298294.252709,
  "B0GRVRCTZG": 1784298294.2527094,
  "B00RAEYI98": 1784298294.2527099,
  "B0D9WTRWSS": 1784298294.2527103,
  "B0DYNS66BT": 1784298294.2527108,
  "B0CQ4TSFPS": 1784298294.2527115,
  "B0F43CHDSN": 1784298294.252712,
  "B0DRJPJLNQ": 1784298294.2527125,
  "B0D7QFBK4L": 1784298294.2527127,
  "B0FC6783KG": 1784298294.2527134,
  "B0DQD8HWWG": 1784298294.252714,
  "B0FHW238R2": 1784298294.2527144,
  "B0CSW9C5HG": 1784298294.252715,
  "B0CWVDN3HZ": 1784298294.2527153,
  "B0H4HFHXSN": 1784298294.2527158,
  "B0FM38MRWL": 1784298294.2527163,
  "B0C281C231": 1784298294.2527168,
  "B08W8QQLWD": 1784298294.252717,
  "B0B1B8KPNZ": 1784298294.2527175,
  "B0DX7BJ6WH": 1784298294.252718,
  "B0D8WC2XY1": 1784298294.2527192,
  "B0FMRH6X8Y": 1784298294.2527196,
  "B0CTH5C8XV": 1784298294.2527199,
  "PWBHHF3VXAMHBY7G": 1784298294.2527204,
  "B0DHPGT29X": 1784298294.2527206,
  "ACCHJVFYMZVWFHGM": 1784298294.252721,
  "B0H5R6C68N": 1784298294.2527215,
  "B0FDQKGB28": 1784298294.252722,
  "SHOHHHJUFTV9NNVH": 1784298294.2527225,
  "ajio_700128535001": 1784298294.252723,
  "ajio_702254928001": 1784298294.2527235,
  "ajio_700256550002": 1784298294.2527237,
  "ajio_442404144008": 1784298294.2527242,
  "ajio_467188929001": 1784298294.2527246,
  "ajio_467267277001": 1784298294.252725,
  "ajio_700143958006": 1784298294.2527256,
  "ajio_467262692001": 1784298294.252726,
  "ajio_466907858001": 1784298294.2527266,
  "ajio_492663474": 1784298294.2527268,
  "ajio_410371523001": 1784298294.2527273,
  "ajio_469610797003": 1784298294.2527277,
  "ajio_467281977001": 1784298294.2527285,
  "ajio_467174022003": 1784298294.2527292,
  "ajio_600645984": 1784298294.2527297,
  "ajio_600645997": 1784298294.25273,
  "ajio_467227483001": 1784298294.2527304,
  "ajio_469625182003": 1784298294.2527308,
  "ajio_410522796002": 1784298294.2527313,
  "ajio_467308740002": 1784298294.2527318,
  "ajio_467011005001": 1784298294.2527323,
  "ajio_467062883002": 1784298294.2527328,
  "ajio_410455706001": 1784298294.2527332,
  "ajio_465182161005": 1784298294.2527335,
  "ajio_410475337003": 1784298294.252734,
  "jiomart_groceries": 1784298294.2527344
}