{
  "B0H29W376K": 1784052236.7600071,
  "B00JD8EA1U": 1784052243.382755,
  "B0H4RS5XL3": 1784052248.7528448,
  "B0D8QCJP5J": 1784052253.9496255,
  "B0FHW238R2": 1784052259.3110306,
  "B0CQ4TSFPS": 1784052267.1913433,
  "B0FF7P18K3": 1784052273.1309705,
  "B0CVL9BGNG": 1784052278.9487,
  "B0F4DT26BL": 1784052285.663967,
  "B0FQJ1RFDN": 1784052291.7878785,
  "B0H4HFHXSN": 1784052297.7960055,
  "B0DQD8HWWG": 1784052319.534992,
  "B08W8QQLWD": 1784052341.623965,
  "B0FJ7QX6NQ": 1784052347.7549152,
  "B0BXLXXTL2": 1784052353.8794906,
  "B0B3JT1FPG": 1784052360.3779173,
  "B0G8JRXC6M": 1784052366.017541,
  "B0D3PH398K": 1784052374.9385476,
  "B0C281C231": 1784052396.0406082,
  "B0GFTVPBD8": 1784052402.6067579,
  "B0FR9GT4LM": 1784052408.4542725,
  "B0FDQKGB28": 1784052414.8642724,
  "B0CG1N11DV": 1784052420.4162052,
  "B0G2B39Q4H": 1784052425.889777,
  "B0BS9LFSWJ": 1784052432.8360293,
  "B08Q8DJRP1": 1784052438.426382,
  "B07DLCZT11": 1784052445.0151513,
  "B0D9WVSZ56": 1784052466.5245903,
  "B0C74N67P6": 1784052474.5171456,
  "B09SWCRBXW": 1784052511.411696,
  "B0CQPBKLGZ": 1784052518.4452982,
  "B09RB6LKTN": 1784052527.497614,
  "B00CBRJ1SM": 1784052549.416717,
  "B0DQ4X4L4D": 1784052554.9866707,
  "B0F8Q5GVPK": 1784052562.3582604,
  "B006NVDWGE": 1784052569.4067843,
  "B083TJBKCQ": 1784052575.5351577,
  "B0GWFDFKTQ": 1784052581.9370818,
  "B0CLS5M5Z9": 1784052587.271491,
  "B0FM4169BN": 1784052592.3023312,
  "B0DRSKQR45": 1784052597.5553586,
  "B07YY7YPLT": 1784052603.0532267,
  "B0CJ33NXH3": 1784052629.6155221,
  "B0BRNCBF1Y": 1784052634.2935102,
  "B0CVF9YPPD": 1784052638.5912628,
  "B0DYF4626Q": 1784052642.8526607,
  "B0FR9ZVMJT": 1784052647.1176198,
  "B0CLNNM2P3": 1784052652.966148,
  "B08243CLRL": 1784052657.3061516,
  "B0H4TPN7CD": 1784052661.406945,
  "B0CKBND48X": 1784052666.178237,
  "B0D7C56BJN": 1784052684.55293,
  "B08HDT835B": 1784052688.7123218,
  "B0GHRZ21QY": 1784052694.132547,
  "B0FCFW18WW": 1784052698.3039079,
  "B08RF17D6J": 1784052702.507807,
  "B0BWS3PSR2": 1784052706.6641119,
  "B00LO6WD2C": 1784052710.8673904,
  "B00HHQAUOQ": 1784052715.1640356,
  "B0CFYQKHJN": 1784052719.9443693,
  "B0CVX2Q5RT": 1784052724.372862,
  "B0B4SNBBTX": 1784052729.1046307,
  "B0FNVSG8HR": 1784052745.2566,
  "B0CKK57LBY": 1784052749.671113,
  "B0BQZ9FWD9": 1784052754.3119226,
  "B00YPBQMGG": 1784052758.5131187,
  "B0DH52GSTM": 1784052763.1367605,
  "B0BRQGL35H": 1784052767.484007,
  "B00LO6WAXO": 1784052772.0061615,
  "B0D8QJ7VQ4": 1784052791.7553349,
  "B0CZ9L43RM": 1784052811.0087059,
  "B0GNSHKYVV": 1784052830.1102695,
  "B079P73971": 1784052834.676998,
  "B0FVXTBZHL": 1784052839.009176,
  "B0C6TPPNS5": 1784052858.6107523,
  "B0F637R7TS": 1784052862.9304614,
  "B0BP1LB1GV": 1784052868.5954447,
  "B0GS1F1548": 1784052888.0673668,
  "B0CVX8CM7V": 1784052893.3222837,
  "B0CZ9LXQM2": 1784052900.4385185,
  "B07Y2Z7DLW": 1784052905.2993739,
  "B08ZCFNC93": 1784052912.8505058,
  "B0F3CT9MMC": 1784052918.2761796,
  "B0CZ9JZ9V7": 1784052923.346695,
  "B0DT9HCHKZ": 1784052927.5804691,
  "-1267545958884856058": 1784052944.2294595,
  "PWBHHF3VXAMHBY7G": 1784052949.2834587,
  "MACHMRHASMAE2H7B": 1784052954.3677287,
  "ACCHHKZHDT8YYUKH": 1784052974.3256552,
  "ACCHEKES9AUJHMH2": 1784052978.7652013,
  "ACCHDPXEZQBHF8GX": 1784052984.0592318,
  "ACCHJF4EHCGUQGRF": 1784052989.4755182,
  "ACCHFJ2QRDEMYGWY": 1784052994.2140996,
  "USGHZ5TGBZWSNXQB": 1784052998.9891424,
  "ACCG73KDTKKUVGRR": 1784053004.1671631,
  "ACCGAXANHJWFCVA2": 1784053010.4583313,
  "ACCHENGNWG4MURY5": 1784053015.4929385,
  "MCPHBYGWYRHGQ8HS": 1784053020.211834,
  "MCPHDYGH54SF5GJG": 1784053024.5757377,
  "ACCGNE4YKMSASFG3": 1784053029.351052,
  "ACCH3FHCZKZWGYQP": 1784053035.2769034,
  "ACCHNGYPQDVSNXPG": 1784053040.0718253,
  "ACCHNGYXQKPPZBTZ": 1784053054.2089226,
  "ACCHN966HQMPKGDG": 1784053073.6471083,
  "ACCHE2CHHVBGSK2E": 1784053077.8227382,
  "ACCHJVFYMZVWFHGM": 1784053082.360427,
  "ACCGYEVU5T6TYZXX": 1784053086.6941211,
  "ACCGYFFAKGNTQHHY": 1784053106.96936,
  "ACCFXTYX7AJSNS2X": 1784053112.664567,
  "ACCHD8HH7MAT7BYD": 1784053118.7600014,
  "ACCH3A7WTAHXWJQH": 1784053124.6189373,
  "ACCHCYYNGGQGXFP6": 1784053130.660338,
  "ACCHF88YBMPGZJWQ": 1784053135.6201437,
  "ACCH9J6UNBWGRFDP": 1784053140.485481,
  "ACCHNAD8HAKZWYCZ": 1784053147.0387597,
  "ACCGS3B2NF9ZQZD3": 1784053152.2002718,
  "ACCH2DC4DHDNQ97Y": 1784053172.038074,
  "ACCHDGE2B4Q3K5FA": 1784053176.3048565,
  "ACCHDG2X55KGMXYM": 1784053183.2391355,
  "ACCHE24ETGEQHDC9": 1784053188.3929198,
  "ACCHAT9HN4CHXYZH": 1784053194.8783221,
  "ACCHFBSY5HHPRZPG": 1784053200.1123464,
  "ACCHME88RC9AMCSA": 1784053206.3746316,
  "ACCHASVBF5RF52SC": 1784053211.804821,
  "SHOHFZFVJCFVYTDS": 1784053246.305212,
  "SHOGMKFZUPUEJUAW": 1784053253.4466827,
  "SHOGSZ9CJCG7MHYD": 1784053258.077296,
  "DKOHJA3GQGG5B7WA": 1784053262.8422098,
  "SHOHMXEG3DYEGXG7": 1784053270.1124954,
  "SHOHJ85BKW5UDRZG": 1784053276.830615,
  "SHOGZY3GRS7B9ZCN": 1784053283.4549077,
  "SHOGNFAWKU3G7VET": 1784053307.74077,
  "SHOHJ7XTZ5BGYGMB": 1784053312.3432696,
  "SHOFK56HKPCADFPP": 1784053319.1682484,
  "SHOGG8EEFX3Q7DXY": 1784053341.1447287,
  "SHOGMKFZJYJKJZ4J": 1784053346.1529324,
  "SHOGZY3GYV5ZB7DK": 1784053366.1193738,
  "SHOGZY3GMU4DGMMK": 1784053370.6638954,
  "SHOGNGPN24HTQXKY": 1784053378.0020561,
  "SHOGZY3GSXFVEDGF": 1784053385.0339763,
  "SHOHYMZNUDMC5ZFW": 1784053390.1318614,
  "SHOHYNYUVG9UURXY": 1784053395.103229,
  "SHOHYNYUXCFNDYVP": 1784053400.3690815,
  "SHOHMXEEZWMYYG9E": 1784053405.3837125,
  "SHOGAYVWYU4ZGU2P": 1784053427.004082,
  "SHOGMYMKBBQEXVBJ": 1784053434.0933528,
  "SHOGHHKKACSJSZHT": 1784053456.0707395,
  "SHOGAYVWJMCZXNX2": 1784053461.1370273,
  "SHOGAYVWV7BUBS2D": 1784053466.161077,
  "SHOGZSZND7AYKKZM": 1784053471.4287174,
  "SHOGKA9QFYF9KNZH": 1784053491.601187,
  "SHOGZSZNYERKZUNC": 1784053497.9575715,
  "B0H2DLB817": 1784053523.214755,
  "B0FFSX167Y": 1784053528.2684596,
  "B0GYWPND5W": 1784053533.2379148,
  "B0D9WWMPSB": 1784053538.9650857,
  "B0DL3D37GG": 1784053552.136598,
  "B0DYNS66BT": 1784053557.3664348,
  "B0DDTX49F3": 1784053579.1094506,
  "B0CV5RJZG5": 1784053585.2966883,
  "B0D7QFX2YG": 1784053590.0213366,
  "B0GRHJVRDK": 1784053595.27848,
  "B00HYBF4I6": 1784053614.5640442,
  "-4993913050152867308": 1784053633.8159313,
  "86160295032262721": 1784053684.8011286,
  "MCPHAV5NZN7UYAEG": 1784053742.4090571,
  "ACCHGUNPAHWR7JCF": 1784053748.4655547,
  "MCPH4ZFENZ3M9CKX": 1784053754.4435046,
  "MCPGYAH3TXHZPGSM": 1784053759.6921902,
  "ACCGU5GY7KZDBYMS": 1784053764.93606,
  "ACCHNY8YHJ7UUYKV": 1784053769.979894,
  "ACCHA8GRBKZ82ZYP": 1784053796.1254787,
  "ACCGZ8WKDS8RGPS3": 1784053801.4670436,
  "ACCGVYAPHKU8ZFP8": 1784053822.0948508,
  "ACCH5FGZ69G3AZJ8": 1784053828.4653244,
  "ACCGU3CFZCTBHMZG": 1784053834.4670384,
  "ACCHGUH26TUYCBG9": 1784053853.7198453,
  "ACCH9G285F7SXVFT": 1784053858.0659747,
  "ACCGYAMACDERYHJT": 1784053879.6048803,
  "ACCGUGZHHDDDAX79": 1784053885.5041025,
  "ACCHKMP3UGKVGNAG": 1784053898.5453563,
  "ACCHGUNJW4Z7MDK5": 1784053923.8849778,
  "SHOHNKVUEQBWFAUA": 1784053981.0642009,
  "SHOGE7C9EPTAWVDH": 1784053987.5752208,
  "SHOGE7DY5HZDSPPR": 1784053992.6005366,
  "SHOGE7DUHZYUZEA7": 1784054012.4807453,
  "SHOG4TDFUHNTHBZF": 1784054017.596578,
  "SHOHJ85BZCVTZGTA": 1784054021.8048735,
  "SHOGMYMKZP4ETWFN": 1784054040.3649075,
  "SHOGMYMRUZHD2AYR": 1784054045.3052337,
  "SHOGG3NUYTKSHTK6": 1784054050.3542676,
  "SHOGMYMQHAFZ33ZU": 1784054054.5447183,
  "SHOGMYMUYUTMFCZZ": 1784054058.9704878,
  "SHOG4JHHZGE7PTNP": 1784054064.3410912,
  "7227369047595781880": 1784054112.0168326,
  "ACCHEKENGXYMXGAY": 1784054116.629487,
  "SHOGMKGYRAZFQFXS": 1784054133.9953408,
  "SHOG49GUTYWYQCCQ": 1784054138.8215733,
  "SHOGZSRUHAQEE45V": 1784054144.167243,
  "SHOGHHKKPVFMYMQS": 1784054148.7705178,
  "SHOGHHKKDX6G8SGX": 1784054153.1083233,
  "ACCHJ6TPKPTZYZRE": 1784054204.3012173,
  "SHOGZSZNYWN2JY7T": 1784054224.9187539,
  "ACCGDN3VACHZF65Z": 1784054271.7652154,
  "ACCGSHT3SEG3HYTV": 1784054277.250599,