{
  "B0H2DD8Z5T": 1784441125.6582174,
  "B0CVL9BGNG": 1784441125.6582198,
  "B0FDKLV15X": 1784441125.6582208,
  "B0GXQ48ZDT": 1784441125.6582217,
  "B0FQJ1RFDN": 1784441125.6582227,
  "B0B6BLTGTT": 1784441125.6582234,
  "B00RAEWK34": 1784441125.6582246,
  "B0FLQGFVXT": 1784441125.6582258,
  "B0DQD8HWWG": 1784441125.6582267,
  "B006475KAS": 1784441125.6582277,
  "B0CV7J49TQ": 1784441125.6582289,
  "B0FDH7397M": 1784441125.65823,
  "B0F4Y17ZVD": 1784441125.6582305,
  "B0D6GK2871": 1784441125.6582313,
  "B0GJDVGS6P": 1784441125.658232,
  "B07HZ3D2RV": 1784441125.6582332,
  "B0H4HFHXSN": 1784441125.658234,
  "B0F5NTF72T": 1784441125.6582344,
  "B0DK5QSTHC": 1784441125.658235,
  "B07J4WNTKC": 1784441125.6582355,
  "B084MCLCVM": 1784441125.6582365,
  "B0H44VW2WP": 1784441125.658237,
  "B0DJ8K1TZ8": 1784441125.658238,
  "B0F3GYMWG5": 1784441125.6582384,
  "B0H44SBX2T": 1784441125.6582391,
  "B0B11LJ69K": 1784441125.65824,
  "B0CQ4HSR2D": 1784441125.6582406,
  "B0GPDL4X5D": 1784441125.658241,
  "B0F1HDRSF1": 1784441125.6582415,
  "WSLGYKZGEHFXXBB2": 1784441125.6582422,
  "WSLGBSHUJ34NZEXV": 1784441125.6582427,
  "TMRHHJ3CJGZCFGBZ": 1784441125.6582437,
  "AFRHDYGBPHNK3GZB": 1784441125.6582441,
  "AFRHDYGBWHJXAKFX": 1784441125.658245,
  "IMMGG4DYT28KAXVH": 1784441125.6582456,
  "EDFGFMSJVHHHVHWQ": 1784441125.658246,
  "AFRHF6RSP5SRBRXT": 1784441125.6582465,
  "AFRHY56JU42EH3ZT": 1784441125.6582472,
  "ajio_702254928001": 1784441125.6582477,
  "ajio_467188929001": 1784441125.6582482,
  "ajio_467267277001": 1784441125.6582487,
  "ajio_467262692001": 1784441125.6582491,
  "ajio_442404145002": 1784441125.6582496,
  "ajio_701592202004": 1784441125.6582513,
  "ajio_469610797003": 1784441125.6582518,
  "ajio_467281977001": 1784441125.658252,
  "ajio_467174022003": 1784441125.6582525,
  "ajio_600645984": 1784441125.658253,
  "ajio_600645997": 1784441125.6582537,
  "ajio_467227483001": 1784441125.658254,
  "ajio_469625182003": 1784441125.6582544,
  "ajio_410522796002": 1784441125.6582549,
  "ajio_467011005001": 1784441125.6582553,
  "jiomart_groceries": 1784441125.6582556
}